-- MariaDB dump 10.19  Distrib 10.11.2-MariaDB, for Win64 (AMD64)
--
-- Host: localhost    Database: relasi_db
-- ------------------------------------------------------
-- Server version	8.0.30

/*!40101 SET @OLD_CHARACTER_SET_CLIENT=@@CHARACTER_SET_CLIENT */;
/*!40101 SET @OLD_CHARACTER_SET_RESULTS=@@CHARACTER_SET_RESULTS */;
/*!40101 SET @OLD_COLLATION_CONNECTION=@@COLLATION_CONNECTION */;
/*!40101 SET NAMES utf8mb4 */;
/*!40103 SET @OLD_TIME_ZONE=@@TIME_ZONE */;
/*!40103 SET TIME_ZONE='+00:00' */;
/*!40014 SET @OLD_UNIQUE_CHECKS=@@UNIQUE_CHECKS, UNIQUE_CHECKS=0 */;
/*!40014 SET @OLD_FOREIGN_KEY_CHECKS=@@FOREIGN_KEY_CHECKS, FOREIGN_KEY_CHECKS=0 */;
/*!40101 SET @OLD_SQL_MODE=@@SQL_MODE, SQL_MODE='NO_AUTO_VALUE_ON_ZERO' */;
/*!40111 SET @OLD_SQL_NOTES=@@SQL_NOTES, SQL_NOTES=0 */;

--
-- Table structure for table `_prisma_migrations`
--

DROP TABLE IF EXISTS `_prisma_migrations`;
/*!40101 SET @saved_cs_client     = @@character_set_client */;
/*!40101 SET character_set_client = utf8 */;
CREATE TABLE `_prisma_migrations` (
  `id` varchar(36) COLLATE utf8mb4_unicode_ci NOT NULL,
  `checksum` varchar(64) COLLATE utf8mb4_unicode_ci NOT NULL,
  `finished_at` datetime(3) DEFAULT NULL,
  `migration_name` varchar(255) COLLATE utf8mb4_unicode_ci NOT NULL,
  `logs` text COLLATE utf8mb4_unicode_ci,
  `rolled_back_at` datetime(3) DEFAULT NULL,
  `started_at` datetime(3) NOT NULL DEFAULT CURRENT_TIMESTAMP(3),
  `applied_steps_count` int unsigned NOT NULL DEFAULT '0',
  PRIMARY KEY (`id`)
) ENGINE=InnoDB DEFAULT CHARSET=utf8mb4 COLLATE=utf8mb4_unicode_ci;
/*!40101 SET character_set_client = @saved_cs_client */;

--
-- Dumping data for table `_prisma_migrations`
--

LOCK TABLES `_prisma_migrations` WRITE;
/*!40000 ALTER TABLE `_prisma_migrations` DISABLE KEYS */;
INSERT INTO `_prisma_migrations` VALUES
('11e87eda-0720-4f93-8314-c6f3318d2ac8','83d14e02e63e91154c1d007cd65f51fdf2173570ebd749e79d2da4c09e2eecb7','2024-01-30 12:49:21.657','20240130124921_init',NULL,NULL,'2024-01-30 12:49:21.605',1),
('153dee46-d011-4f21-87a7-f77e6e670084','ec2c428b728e6b2c9987b977cbe47300807dfca77f92d98045953cc9f567071f','2024-01-28 11:17:49.593','20240128111749_init',NULL,NULL,'2024-01-28 11:17:49.579',1),
('296ca8c4-d945-4c89-90a6-c283f591cddb','10bf3a8e9f9921e5d82273b3b6668a36f79d8a32a37fb456793b94f036cca743','2024-01-29 03:57:13.676','20240129035713_init',NULL,NULL,'2024-01-29 03:57:13.658',1),
('3c89461b-b114-4b62-8bfa-74c14848a3d4','be48ccfbd50ffa09af2b1e00d151b3ad74f80dea934327ddc67aa2a365d3ab6a','2024-01-27 10:37:52.698','20240127063730_init',NULL,NULL,'2024-01-27 10:37:52.666',1),
('6ac282d1-0180-483c-8abe-9a3e2f0680f9','d6cdca2a9f2fab65fe7aff7476b74b1d20bde82c105f11bc1111cfe8fc1422ee','2024-01-27 10:37:52.639','20240127002508_init',NULL,NULL,'2024-01-27 10:37:52.599',1),
('860a17f6-da1b-4bef-acd2-bf1f558701f4','ebb512518be4b7493239ebd0a02e41f642788c029de1f97cddae97be599b3f92','2024-01-28 11:48:35.982','20240128114835_init',NULL,NULL,'2024-01-28 11:48:35.969',1),
('8b73730a-48c5-4d99-ad5a-17eb83b4fd7f','f58001e55c42191db242a008781fa3569e4b71e32932884acbbc0ea83b58e73f','2024-01-31 13:22:18.777','20240131132218_init',NULL,NULL,'2024-01-31 13:22:18.664',1),
('90114b6e-de59-448f-b3cc-e3d3561cc47f','6ad8905e9cbf2a629efb392b6c48f671431257b11f1fbd5f91a9ceefe7fe1309','2024-01-29 07:05:39.966','20240129070539_init',NULL,NULL,'2024-01-29 07:05:39.863',1),
('a3b76a0f-5993-4fbd-b940-945b4f7ee0ea','46ad7535776278f2c4128f2691659ba8038f6b39e68fe65ab85832b2acc50159','2024-02-02 23:52:38.423','20240202235238_init',NULL,NULL,'2024-02-02 23:52:38.402',1),
('bbc0f357-fbd3-4420-8eb1-deb70f01d1e3','125aaa35e4a1b3f28ff1715dea5d9b70d65ee41426269afdeca4c043a4d55bb0','2024-01-29 03:39:04.492','20240129033904_init',NULL,NULL,'2024-01-29 03:39:04.453',1),
('bec8a32d-9b95-462d-a5a4-231228dbe988','4609ea4065675b521ba256d01527f9d52457cfa1811fee3cf42bd005c444218c','2024-01-28 11:00:35.161','20240128110035_init',NULL,NULL,'2024-01-28 11:00:35.058',1),
('c14febb0-f1e7-4aa1-96cc-9cf6f868d909','a99cb42f400dc5f36d9a7215a8910a8b7a1f851de405fe02dcc289f839680af4','2024-01-27 10:37:52.735','20240127095704_init',NULL,NULL,'2024-01-27 10:37:52.702',1),
('c5b6821b-7c87-4f83-b5f0-db50b976993d','396945da7e2745c8f7333d3ba92d0702332ebc110973548c77f095704d24f2fb','2024-01-31 13:32:05.587','20240131133205_init',NULL,NULL,'2024-01-31 13:32:05.546',1),
('c6fbfa38-1140-43c7-98e9-62d1c733aaa0','effa32b072d923e7bfd021fd292019d7e3dc3f3badf56327edcce3ee911c4458','2024-01-27 10:37:52.598','20240127000415_init',NULL,NULL,'2024-01-27 10:37:52.519',1),
('c7b268ea-d7c0-4f05-a6cd-a51054029dd9','32176bb290acccef90e2edec43005eeb4352e54702d38963e0fe96b4f55160b9','2024-01-27 10:38:07.270','20240127103807_init',NULL,NULL,'2024-01-27 10:38:07.254',1),
('f7a4f742-d9e6-4948-91d2-eab695c17e58','20d02c8817a9f88454418ab3eccdfc576ff669b53e324ac3abe31173c5951113','2024-01-30 11:44:53.165','20240130114453_init',NULL,NULL,'2024-01-30 11:44:53.080',1),
('fdbc460e-6484-4505-add5-e8d3db9a36a6','f5ed91f3eda715de4513cad8137997e9ca6b02e364bca474d8717636533fa2e2','2024-01-27 10:37:52.664','20240127060120_init',NULL,NULL,'2024-01-27 10:37:52.641',1);
/*!40000 ALTER TABLE `_prisma_migrations` ENABLE KEYS */;
UNLOCK TABLES;

--
-- Table structure for table `carts`
--

DROP TABLE IF EXISTS `carts`;
/*!40101 SET @saved_cs_client     = @@character_set_client */;
/*!40101 SET character_set_client = utf8 */;
CREATE TABLE `carts` (
  `id` int NOT NULL AUTO_INCREMENT,
  `price` decimal(65,30) NOT NULL,
  `productName` varchar(191) COLLATE utf8mb4_unicode_ci NOT NULL,
  `totalPrice` decimal(65,30) NOT NULL,
  `note` varchar(191) COLLATE utf8mb4_unicode_ci NOT NULL,
  `productId` int NOT NULL,
  `qty` int NOT NULL,
  `userId` int NOT NULL,
  PRIMARY KEY (`id`),
  UNIQUE KEY `Carts_productId_key` (`productId`),
  KEY `Carts_userId_fkey` (`userId`),
  CONSTRAINT `Carts_productId_fkey` FOREIGN KEY (`productId`) REFERENCES `product` (`id`) ON DELETE RESTRICT ON UPDATE CASCADE,
  CONSTRAINT `Carts_userId_fkey` FOREIGN KEY (`userId`) REFERENCES `user` (`id`) ON DELETE RESTRICT ON UPDATE CASCADE
) ENGINE=InnoDB AUTO_INCREMENT=44 DEFAULT CHARSET=utf8mb4 COLLATE=utf8mb4_unicode_ci;
/*!40101 SET character_set_client = @saved_cs_client */;

--
-- Dumping data for table `carts`
--

LOCK TABLES `carts` WRITE;
/*!40000 ALTER TABLE `carts` DISABLE KEYS */;
/*!40000 ALTER TABLE `carts` ENABLE KEYS */;
UNLOCK TABLES;

--
-- Table structure for table `category`
--

DROP TABLE IF EXISTS `category`;
/*!40101 SET @saved_cs_client     = @@character_set_client */;
/*!40101 SET character_set_client = utf8 */;
CREATE TABLE `category` (
  `id` int NOT NULL AUTO_INCREMENT,
  `kategoryName` varchar(191) COLLATE utf8mb4_unicode_ci NOT NULL,
  PRIMARY KEY (`id`)
) ENGINE=InnoDB AUTO_INCREMENT=16 DEFAULT CHARSET=utf8mb4 COLLATE=utf8mb4_unicode_ci;
/*!40101 SET character_set_client = @saved_cs_client */;

--
-- Dumping data for table `category`
--

LOCK TABLES `category` WRITE;
/*!40000 ALTER TABLE `category` DISABLE KEYS */;
INSERT INTO `category` VALUES
(1,'Makanan'),
(2,'Minuman'),
(3,'Cemilan'),
(4,'Pakaian'),
(5,'Other');
/*!40000 ALTER TABLE `category` ENABLE KEYS */;
UNLOCK TABLES;

--
-- Table structure for table `orderdetail`
--

DROP TABLE IF EXISTS `orderdetail`;
/*!40101 SET @saved_cs_client     = @@character_set_client */;
/*!40101 SET character_set_client = utf8 */;
CREATE TABLE `orderdetail` (
  `id` int NOT NULL AUTO_INCREMENT,
  `price` decimal(65,30) NOT NULL,
  `productName` varchar(191) COLLATE utf8mb4_unicode_ci NOT NULL,
  `qty` int NOT NULL,
  `totalPrice` decimal(65,30) NOT NULL,
  `note` varchar(191) COLLATE utf8mb4_unicode_ci NOT NULL,
  `productId` int NOT NULL,
  `orderId` int NOT NULL,
  PRIMARY KEY (`id`),
  KEY `Orderdetail_orderId_fkey` (`orderId`),
  KEY `Orderdetail_productId_fkey` (`productId`),
  CONSTRAINT `Orderdetail_orderId_fkey` FOREIGN KEY (`orderId`) REFERENCES `orders` (`id`) ON DELETE RESTRICT ON UPDATE CASCADE,
  CONSTRAINT `Orderdetail_productId_fkey` FOREIGN KEY (`productId`) REFERENCES `product` (`id`) ON DELETE RESTRICT ON UPDATE CASCADE
) ENGINE=InnoDB AUTO_INCREMENT=18 DEFAULT CHARSET=utf8mb4 COLLATE=utf8mb4_unicode_ci;
/*!40101 SET character_set_client = @saved_cs_client */;

--
-- Dumping data for table `orderdetail`
--

LOCK TABLES `orderdetail` WRITE;
/*!40000 ALTER TABLE `orderdetail` DISABLE KEYS */;
INSERT INTO `orderdetail` VALUES
(10,15000.000000000000000000000000000000,'Orange Juice',1,15000.000000000000000000000000000000,'',72,4),
(11,20000.000000000000000000000000000000,'Nasi Goreng',1,20000.000000000000000000000000000000,'',74,4),
(12,30000.000000000000000000000000000000,'Sate Ayam',2,60000.000000000000000000000000000000,'',75,4),
(13,15000.000000000000000000000000000000,'Orange Juice',1,15000.000000000000000000000000000000,'',72,5),
(14,50000.000000000000000000000000000000,'Sate Kambing Muda',1,50000.000000000000000000000000000000,'',76,6),
(15,12000.000000000000000000000000000000,'Kentang Goreng',2,24000.000000000000000000000000000000,'',73,6),
(16,15000.000000000000000000000000000000,'Orange Juice',1,15000.000000000000000000000000000000,'',72,6),
(17,50000.000000000000000000000000000000,'Sate Kambing Muda',1,50000.000000000000000000000000000000,'',76,7);
/*!40000 ALTER TABLE `orderdetail` ENABLE KEYS */;
UNLOCK TABLES;

--
-- Table structure for table `orderreturn`
--

DROP TABLE IF EXISTS `orderreturn`;
/*!40101 SET @saved_cs_client     = @@character_set_client */;
/*!40101 SET character_set_client = utf8 */;
CREATE TABLE `orderreturn` (
  `id` int NOT NULL AUTO_INCREMENT,
  `code` varchar(191) COLLATE utf8mb4_unicode_ci NOT NULL,
  `date` datetime(3) NOT NULL DEFAULT CURRENT_TIMESTAMP(3),
  `note` varchar(191) COLLATE utf8mb4_unicode_ci DEFAULT NULL,
  `userId` int NOT NULL,
  `orderId` int NOT NULL,
  PRIMARY KEY (`id`),
  KEY `Orderreturn_userId_fkey` (`userId`),
  KEY `Orderreturn_orderId_fkey` (`orderId`),
  CONSTRAINT `Orderreturn_orderId_fkey` FOREIGN KEY (`orderId`) REFERENCES `orders` (`id`) ON DELETE RESTRICT ON UPDATE CASCADE,
  CONSTRAINT `Orderreturn_userId_fkey` FOREIGN KEY (`userId`) REFERENCES `user` (`id`) ON DELETE RESTRICT ON UPDATE CASCADE
) ENGINE=InnoDB AUTO_INCREMENT=14 DEFAULT CHARSET=utf8mb4 COLLATE=utf8mb4_unicode_ci;
/*!40101 SET character_set_client = @saved_cs_client */;

--
-- Dumping data for table `orderreturn`
--

LOCK TABLES `orderreturn` WRITE;
/*!40000 ALTER TABLE `orderreturn` DISABLE KEYS */;
INSERT INTO `orderreturn` VALUES
(11,'ORDR-1706619000079','2024-01-30 00:00:00.000','Testing Return',1,4);
/*!40000 ALTER TABLE `orderreturn` ENABLE KEYS */;
UNLOCK TABLES;

--
-- Table structure for table `orderreturndetail`
--

DROP TABLE IF EXISTS `orderreturndetail`;
/*!40101 SET @saved_cs_client     = @@character_set_client */;
/*!40101 SET character_set_client = utf8 */;
CREATE TABLE `orderreturndetail` (
  `id` int NOT NULL AUTO_INCREMENT,
  `productId` int NOT NULL,
  `productName` varchar(191) COLLATE utf8mb4_unicode_ci NOT NULL,
  `price` decimal(65,30) NOT NULL,
  `qty` int NOT NULL,
  `total` decimal(65,30) NOT NULL,
  `returnId` int NOT NULL,
  PRIMARY KEY (`id`),
  KEY `Orderreturndetail_returnId_fkey` (`returnId`),
  KEY `Orderreturndetail_productId_fkey` (`productId`),
  CONSTRAINT `Orderreturndetail_productId_fkey` FOREIGN KEY (`productId`) REFERENCES `product` (`id`) ON DELETE RESTRICT ON UPDATE CASCADE,
  CONSTRAINT `Orderreturndetail_returnId_fkey` FOREIGN KEY (`returnId`) REFERENCES `orderreturn` (`id`) ON DELETE RESTRICT ON UPDATE CASCADE
) ENGINE=InnoDB AUTO_INCREMENT=3 DEFAULT CHARSET=utf8mb4 COLLATE=utf8mb4_unicode_ci;
/*!40101 SET character_set_client = @saved_cs_client */;

--
-- Dumping data for table `orderreturndetail`
--

LOCK TABLES `orderreturndetail` WRITE;
/*!40000 ALTER TABLE `orderreturndetail` DISABLE KEYS */;
INSERT INTO `orderreturndetail` VALUES
(2,72,'Orange Juice',15000.000000000000000000000000000000,1,15000.000000000000000000000000000000,11);
/*!40000 ALTER TABLE `orderreturndetail` ENABLE KEYS */;
UNLOCK TABLES;

--
-- Table structure for table `orders`
--

DROP TABLE IF EXISTS `orders`;
/*!40101 SET @saved_cs_client     = @@character_set_client */;
/*!40101 SET character_set_client = utf8 */;
CREATE TABLE `orders` (
  `id` int NOT NULL AUTO_INCREMENT,
  `date` datetime(3) NOT NULL DEFAULT CURRENT_TIMESTAMP(3),
  `total` decimal(65,30) NOT NULL,
  `code` varchar(191) COLLATE utf8mb4_unicode_ci NOT NULL,
  `grandTotal` decimal(65,30) NOT NULL,
  `ppn` decimal(65,30) NOT NULL,
  `userId` int NOT NULL,
  PRIMARY KEY (`id`),
  UNIQUE KEY `Orders_code_key` (`code`),
  KEY `Orders_userId_fkey` (`userId`),
  CONSTRAINT `Orders_userId_fkey` FOREIGN KEY (`userId`) REFERENCES `user` (`id`) ON DELETE RESTRICT ON UPDATE CASCADE
) ENGINE=InnoDB AUTO_INCREMENT=8 DEFAULT CHARSET=utf8mb4 COLLATE=utf8mb4_unicode_ci;
/*!40101 SET character_set_client = @saved_cs_client */;

--
-- Dumping data for table `orders`
--

LOCK TABLES `orders` WRITE;
/*!40000 ALTER TABLE `orders` DISABLE KEYS */;
INSERT INTO `orders` VALUES
(4,'2024-01-29 00:00:00.000',95000.000000000000000000000000000000,'ORD-1706542423477',105450.000000000000000000000000000000,10450.000000000000000000000000000000,1),
(5,'2024-01-29 00:00:00.000',15000.000000000000000000000000000000,'ORD-1706548492575',16650.000000000000000000000000000000,1650.000000000000000000000000000000,1),
(6,'2024-02-03 00:00:00.000',89000.000000000000000000000000000000,'ORD-1706941748360',98790.000000000000000000000000000000,9790.000000000000000000000000000000,1),
(7,'2024-02-03 06:31:37.000',50000.000000000000000000000000000000,'ORD-1706941897337',55500.000000000000000000000000000000,5500.000000000000000000000000000000,1);
/*!40000 ALTER TABLE `orders` ENABLE KEYS */;
UNLOCK TABLES;

--
-- Table structure for table `product`
--

DROP TABLE IF EXISTS `product`;
/*!40101 SET @saved_cs_client     = @@character_set_client */;
/*!40101 SET character_set_client = utf8 */;
CREATE TABLE `product` (
  `id` int NOT NULL AUTO_INCREMENT,
  `productName` varchar(191) COLLATE utf8mb4_unicode_ci NOT NULL,
  `qty` int NOT NULL,
  `price` decimal(65,30) NOT NULL,
  `kategoryId` int NOT NULL,
  `supplierId` int NOT NULL,
  `barcode` varchar(191) COLLATE utf8mb4_unicode_ci DEFAULT NULL,
  `code` varchar(191) COLLATE utf8mb4_unicode_ci NOT NULL,
  `createdAt` datetime(3) NOT NULL DEFAULT CURRENT_TIMESTAMP(3),
  `image` varchar(191) COLLATE utf8mb4_unicode_ci NOT NULL,
  `updatedAt` datetime(3) NOT NULL,
  `url` varchar(191) COLLATE utf8mb4_unicode_ci NOT NULL,
  PRIMARY KEY (`id`),
  UNIQUE KEY `Product_code_key` (`code`),
  KEY `Product_supplierId_fkey` (`supplierId`),
  KEY `Product_kategoryId_fkey` (`kategoryId`),
  CONSTRAINT `Product_kategoryId_fkey` FOREIGN KEY (`kategoryId`) REFERENCES `category` (`id`) ON DELETE RESTRICT ON UPDATE CASCADE,
  CONSTRAINT `Product_supplierId_fkey` FOREIGN KEY (`supplierId`) REFERENCES `supplier` (`id`) ON DELETE RESTRICT ON UPDATE CASCADE
) ENGINE=InnoDB AUTO_INCREMENT=80 DEFAULT CHARSET=utf8mb4 COLLATE=utf8mb4_unicode_ci;
/*!40101 SET character_set_client = @saved_cs_client */;

--
-- Dumping data for table `product`
--

LOCK TABLES `product` WRITE;
/*!40000 ALTER TABLE `product` DISABLE KEYS */;
INSERT INTO `product` VALUES
(69,'Ayam Bakar',10,25000.000000000000000000000000000000,1,1,NULL,'PRD-325655296322','2024-01-28 05:19:44.910','9ebe358f6a4e2d7a8036536bb3fbd046.jpg','2024-01-28 05:19:44.910','http://localhost:3000/images/9ebe358f6a4e2d7a8036536bb3fbd046.jpg'),
(70,'Ayam Goreng',10,25000.000000000000000000000000000000,1,1,NULL,'PRD-209411629686','2024-01-28 05:20:19.064','89de12b826ba4b397d1c14ae2f61cba9.jpg','2024-01-28 05:20:19.064','http://localhost:3000/images/89de12b826ba4b397d1c14ae2f61cba9.jpg'),
(71,'Es Campur',11,10000.000000000000000000000000000000,2,1,NULL,'PRD-1021330946868','2024-01-28 05:20:57.520','c07e921c78fce0db6f618cabd9109074.jpg','2024-02-03 06:26:33.676','http://localhost:3000/images/c07e921c78fce0db6f618cabd9109074.jpg'),
(72,'Orange Juice',6,15000.000000000000000000000000000000,2,1,NULL,'PRD-1031793824991','2024-01-28 05:22:03.512','c7d471fb95c3c694703b79b226430592.jpg','2024-02-03 06:29:08.361','http://localhost:3000/images/c7d471fb95c3c694703b79b226430592.jpg'),
(73,'Kentang Goreng',8,12000.000000000000000000000000000000,3,1,NULL,'PRD-505599188455','2024-01-28 05:22:47.521','d08b052ebb886d812289bfc2835dfef7.jpg','2024-02-03 06:29:08.361','http://localhost:3000/images/d08b052ebb886d812289bfc2835dfef7.jpg'),
(74,'Nasi Goreng',4,20000.000000000000000000000000000000,1,1001,NULL,'PRD-1386333771592','2024-01-28 05:23:25.892','ebb19c5e2e89745d57453676333774d9.jpg','2024-02-02 02:43:21.872','http://localhost:3000/images/ebb19c5e2e89745d57453676333774d9.jpg'),
(75,'Sate Ayam',13,30000.000000000000000000000000000000,1,1001,NULL,'PRD-1404361622093','2024-01-28 05:23:53.861','fc11743071a37d67654442dfb3ccbd08.jpg','2024-02-03 02:44:30.287','http://localhost:3000/images/fc11743071a37d67654442dfb3ccbd08.jpg'),
(76,'Sate Kambing Muda',20,50000.000000000000000000000000000000,1,1000,NULL,'PRD-110758706589','2024-01-28 05:24:43.356','fc11743071a37d67654442dfb3ccbd08.jpg','2024-02-03 06:31:37.338','http://localhost:3000/images/fc11743071a37d67654442dfb3ccbd08.jpg');
/*!40000 ALTER TABLE `product` ENABLE KEYS */;
UNLOCK TABLES;

--
-- Table structure for table `purchase`
--

DROP TABLE IF EXISTS `purchase`;
/*!40101 SET @saved_cs_client     = @@character_set_client */;
/*!40101 SET character_set_client = utf8 */;
CREATE TABLE `purchase` (
  `id` int NOT NULL AUTO_INCREMENT,
  `code` varchar(191) COLLATE utf8mb4_unicode_ci NOT NULL,
  `date` datetime(3) NOT NULL,
  `note` varchar(191) COLLATE utf8mb4_unicode_ci NOT NULL,
  `userId` int NOT NULL,
  `grandTotal` decimal(65,30) NOT NULL,
  `ppn` decimal(65,30) NOT NULL,
  `total` decimal(65,30) NOT NULL,
  PRIMARY KEY (`id`),
  KEY `Purchase_userId_fkey` (`userId`),
  CONSTRAINT `Purchase_userId_fkey` FOREIGN KEY (`userId`) REFERENCES `user` (`id`) ON DELETE RESTRICT ON UPDATE CASCADE
) ENGINE=InnoDB AUTO_INCREMENT=24 DEFAULT CHARSET=utf8mb4 COLLATE=utf8mb4_unicode_ci;
/*!40101 SET character_set_client = @saved_cs_client */;

--
-- Dumping data for table `purchase`
--

LOCK TABLES `purchase` WRITE;
/*!40000 ALTER TABLE `purchase` DISABLE KEYS */;
INSERT INTO `purchase` VALUES
(8,'PUR-1706918705252','2024-02-02 00:00:00.000','Pembelian Mingguan',1,233100.000000000000000000000000000000,23100.000000000000000000000000000000,210000.000000000000000000000000000000),
(22,'PUR-1706928270287','2024-02-03 00:00:00.000','test',1,33300.000000000000000000000000000000,3300.000000000000000000000000000000,30000.000000000000000000000000000000),
(23,'PUR-1706941593676','2024-01-17 00:00:00.000','testing',1,11100.000000000000000000000000000000,1100.000000000000000000000000000000,10000.000000000000000000000000000000);
/*!40000 ALTER TABLE `purchase` ENABLE KEYS */;
UNLOCK TABLES;

--
-- Table structure for table `purchasedetail`
--

DROP TABLE IF EXISTS `purchasedetail`;
/*!40101 SET @saved_cs_client     = @@character_set_client */;
/*!40101 SET character_set_client = utf8 */;
CREATE TABLE `purchasedetail` (
  `id` int NOT NULL AUTO_INCREMENT,
  `productId` int NOT NULL,
  `productName` varchar(191) COLLATE utf8mb4_unicode_ci NOT NULL,
  `price` decimal(65,30) NOT NULL,
  `qty` int NOT NULL,
  `total` decimal(65,30) NOT NULL,
  `purchaseId` int NOT NULL,
  PRIMARY KEY (`id`),
  KEY `Purchasedetail_purchaseId_fkey` (`purchaseId`),
  KEY `Purchasedetail_productId_fkey` (`productId`),
  CONSTRAINT `Purchasedetail_productId_fkey` FOREIGN KEY (`productId`) REFERENCES `product` (`id`) ON DELETE RESTRICT ON UPDATE CASCADE,
  CONSTRAINT `Purchasedetail_purchaseId_fkey` FOREIGN KEY (`purchaseId`) REFERENCES `purchase` (`id`) ON DELETE RESTRICT ON UPDATE CASCADE
) ENGINE=InnoDB AUTO_INCREMENT=25 DEFAULT CHARSET=utf8mb4 COLLATE=utf8mb4_unicode_ci;
/*!40101 SET character_set_client = @saved_cs_client */;

--
-- Dumping data for table `purchasedetail`
--

LOCK TABLES `purchasedetail` WRITE;
/*!40000 ALTER TABLE `purchasedetail` DISABLE KEYS */;
INSERT INTO `purchasedetail` VALUES
(8,75,'Sate Ayam',30000.000000000000000000000000000000,2,60000.000000000000000000000000000000,8),
(9,76,'Sate Kambing Muda',50000.000000000000000000000000000000,3,150000.000000000000000000000000000000,8),
(23,75,'Sate Ayam',30000.000000000000000000000000000000,1,30000.000000000000000000000000000000,22),
(24,71,'Es Campur',10000.000000000000000000000000000000,1,10000.000000000000000000000000000000,23);
/*!40000 ALTER TABLE `purchasedetail` ENABLE KEYS */;
UNLOCK TABLES;

--
-- Table structure for table `supplier`
--

DROP TABLE IF EXISTS `supplier`;
/*!40101 SET @saved_cs_client     = @@character_set_client */;
/*!40101 SET character_set_client = utf8 */;
CREATE TABLE `supplier` (
  `id` int NOT NULL AUTO_INCREMENT,
  `firstName` varchar(191) COLLATE utf8mb4_unicode_ci NOT NULL,
  `lastName` varchar(191) COLLATE utf8mb4_unicode_ci DEFAULT NULL,
  `email` varchar(191) COLLATE utf8mb4_unicode_ci DEFAULT NULL,
  `address` varchar(191) COLLATE utf8mb4_unicode_ci NOT NULL,
  `phone` varchar(191) COLLATE utf8mb4_unicode_ci NOT NULL,
  PRIMARY KEY (`id`)
) ENGINE=InnoDB AUTO_INCREMENT=1008 DEFAULT CHARSET=utf8mb4 COLLATE=utf8mb4_unicode_ci;
/*!40101 SET character_set_client = @saved_cs_client */;

--
-- Dumping data for table `supplier`
--

LOCK TABLES `supplier` WRITE;
/*!40000 ALTER TABLE `supplier` DISABLE KEYS */;
INSERT INTO `supplier` VALUES
(1,'Pojok','Code',NULL,'jakarta barat','12345678'),
(2,'Shawna','Yele','syele0@aol.com','752 Golden Leaf Road','608-126-4164'),
(3,'Ramona','Godain','rgodain1@telegraph.co.uk','6 Russell Center','143-861-2112'),
(4,'Katuscha','Kubala','kkubala2@harvard.edu','5043 Ridgeway Place','452-806-3021'),
(5,'Ruprecht','Reavey','rreavey3@e-recht24.de','1115 Victoria Parkway','406-652-0155'),
(6,'Ula','Forrest','uforrest4@hp.com','29713 Dunning Lane','903-684-9282'),
(7,'Kakalina','Permain','kpermain5@auda.org.au','09936 Summit Junction','353-911-0519'),
(8,'Kort','Habben','khabben6@scribd.com','916 Clemons Road','654-524-6906'),
(9,'Gennie','Yesinin','gyesinin7@vistaprint.com','325 North Terrace','324-621-5752'),
(10,'Merrick','Battrick','mbattrick8@homestead.com','1282 Dawn Way','865-216-8877'),
(11,'Jena','Brim','jbrim9@theguardian.com','837 Manufacturers Junction','852-758-8580'),
(12,'Dalli','Spears','dspearsa@theglobeandmail.com','18915 Porter Park','737-113-1983'),
(13,'Rosmunda','Kincade','rkincadeb@usa.gov','6 Dawn Trail','684-707-7909'),
(14,'Korey','Vlach','kvlachc@surveymonkey.com','6 Duke Point','828-397-0548'),
(15,'Herc','Corthes','hcorthesd@bloglovin.com','93 Magdeline Circle','991-355-5867'),
(16,'Virgie','Knock','vknocke@1688.com','8 Warrior Hill','833-680-2140'),
(17,'Kira','Farans','kfaransf@jimdo.com','40 Eagle Crest Road','652-571-0656'),
(18,'Friederike','Shavel','fshavelg@com.com','28008 Clove Way','563-601-5535'),
(19,'Fenelia','Hollidge','fhollidgeh@diigo.com','37 North Pass','909-512-1518'),
(20,'Titus','Sharman','tsharmani@nbcnews.com','45320 Loeprich Terrace','845-881-9784'),
(21,'Isaiah','Pampling','ipamplingj@patch.com','86 Bluestem Terrace','419-739-8995'),
(22,'Bell','Titchard','btitchardk@oakley.com','158 Namekagon Lane','594-722-1499'),
(23,'Christiane','Flann','cflannl@tripod.com','5 Oriole Plaza','227-345-6332'),
(24,'Gladys','Bick','gbickm@yahoo.com','05825 Prairieview Trail','667-373-4312'),
(25,'Nada','Yeend','nyeendn@geocities.com','7482 Atwood Terrace','371-394-6912'),
(26,'Raoul','Bushrod','rbushrodo@noaa.gov','7 Stang Center','293-261-2188'),
(27,'Rhody','Foan','rfoanp@seesaa.net','8 Corben Parkway','259-388-7595'),
(28,'Cordie','Richardon','crichardonq@reddit.com','1665 Trailsway Way','977-151-0132'),
(29,'Codi','Iremonger','ciremongerr@businesswire.com','1 Russell Way','455-134-8974'),
(30,'Seline','Rushsorth','srushsorths@altervista.org','34423 Buena Vista Street','426-255-4451'),
(31,'Tonya','Ritchman','tritchmant@thetimes.co.uk','0 Anzinger Crossing','628-296-3725'),
(32,'Ilse','Acutt','iacuttu@netscape.com','21132 Brickson Park Circle','896-183-0723'),
(33,'Noland','Shillabeare','nshillabearev@harvard.edu','97114 Mosinee Way','321-737-0385'),
(34,'Monica','Locker','mlockerw@adobe.com','701 Bellgrove Alley','770-454-8247'),
(35,'Halie','Bownde','hbowndex@bing.com','60985 Main Trail','758-931-3118'),
(36,'Dulcine','Deere','ddeerey@bigcartel.com','241 Kedzie Drive','629-163-7619'),
(37,'Fabiano','Whyman','fwhymanz@kickstarter.com','2559 Walton Alley','463-402-0962'),
(38,'Marian','O\'Carran','mocarran10@techcrunch.com','8131 Stone Corner Way','589-187-5774'),
(39,'Stevie','Greenwood','sgreenwood11@elpais.com','3 Holmberg Lane','615-787-1638'),
(40,'Theresa','Gable','tgable12@google.it','8024 Meadow Vale Trail','766-692-4344'),
(41,'Greggory','Aylin','gaylin13@edublogs.org','8 Schlimgen Trail','290-547-5508'),
(42,'Zsazsa','Huckleby','zhuckleby14@reference.com','73 Kensington Pass','948-755-4044'),
(43,'Gerri','Luckhurst','gluckhurst15@qq.com','9 Gerald Point','934-241-5052'),
(44,'Lucita','Barnett','lbarnett16@bandcamp.com','194 Mccormick Way','363-781-1905'),
(45,'Uri','Harbin','uharbin17@smh.com.au','0 John Wall Lane','830-713-1158'),
(46,'Dill','Coker','dcoker18@friendfeed.com','501 Prentice Court','139-809-5630'),
(47,'Quincy','Redmond','qredmond19@samsung.com','88879 Old Shore Alley','645-333-9996'),
(48,'Carmon','Tregoning','ctregoning1a@wp.com','0977 Karstens Trail','839-931-0837'),
(49,'Moe','Dugall','mdugall1b@ftc.gov','5840 Clyde Gallagher Pass','384-626-1570'),
(50,'Milka','Worms','mworms1c@naver.com','20933 Oak Crossing','899-756-7160'),
(51,'Caresa','Sesser','csesser1d@woothemes.com','3689 Troy Road','537-386-0304'),
(52,'Jacinda','Shewan','jshewan1e@spotify.com','917 Prentice Plaza','834-321-0338'),
(53,'Weber','Ruffler','wruffler1f@dot.gov','1225 Morrow Place','874-121-7880'),
(54,'Jemima','Gault','jgault1g@scientificamerican.com','2917 Scoville Parkway','702-777-0396'),
(55,'Christan','Vidler','cvidler1h@ycombinator.com','77 Grasskamp Avenue','523-527-9920'),
(56,'Vanni','Caulcott','vcaulcott1i@guardian.co.uk','09449 Hoepker Terrace','130-803-8064'),
(57,'Jaye','Mobbs','jmobbs1j@fastcompany.com','910 Fordem Court','553-866-2017'),
(58,'Bobbe','Morbey','bmorbey1k@mozilla.com','2535 Heffernan Street','732-163-9049'),
(59,'Frasco','McLarty','fmclarty1l@economist.com','5102 Forest Parkway','714-695-9394'),
(60,'Rosamund','Vowels','rvowels1m@sakura.ne.jp','7 Delladonna Parkway','257-832-8486'),
(61,'Justis','Pinock','jpinock1n@walmart.com','75 Anderson Alley','261-871-2787'),
(62,'Zacharias','Antic','zantic1o@digg.com','063 Nobel Plaza','883-487-7542'),
(63,'Zolly','Benam','zbenam1p@umich.edu','551 Montana Avenue','418-603-5376'),
(64,'Amitie','Benton','abenton1q@taobao.com','58 Longview Drive','517-291-6813'),
(65,'Barby','Coucher','bcoucher1r@e-recht24.de','65 Paget Way','996-252-1641'),
(66,'Maxie','Ratke','mratke1s@creativecommons.org','27299 Lakeland Terrace','888-377-0608'),
(67,'Demeter','Hollingdale','dhollingdale1t@cpanel.net','7 Vermont Parkway','120-360-1496'),
(68,'Jaine','Toyne','jtoyne1u@tiny.cc','81 Scofield Parkway','753-178-9321'),
(69,'Lynnette','Marlowe','lmarlowe1v@surveymonkey.com','645 Blackbird Circle','142-836-1312'),
(70,'Meryl','Keme','mkeme1w@census.gov','9134 Elka Circle','777-592-3868'),
(71,'Marietta','Paudin','mpaudin1x@ifeng.com','2 Northridge Alley','456-917-9281'),
(72,'Aida','Leer','aleer1y@nbcnews.com','6952 Dottie Hill','905-509-5523'),
(73,'Barrett','Brideau','bbrideau1z@mozilla.com','763 Daystar Pass','862-253-0516'),
(74,'Briny','Swadon','bswadon20@nymag.com','79 Ilene Alley','970-970-8899'),
(75,'Casper','Durrett','cdurrett21@constantcontact.com','5 Hazelcrest Avenue','663-513-4582'),
(76,'Monroe','Carcas','mcarcas22@yolasite.com','47023 Summit Circle','771-813-5092'),
(77,'Lazare','Saldler','lsaldler23@howstuffworks.com','132 Onsgard Avenue','153-685-7440'),
(78,'Marketa','McCready','mmccready24@barnesandnoble.com','79735 Golden Leaf Hill','238-122-9844'),
(79,'Dermot','Clayden','dclayden25@ed.gov','886 Kensington Parkway','620-811-9752'),
(80,'Hildy','Skermer','hskermer26@forbes.com','0200 Maryland Avenue','598-411-4352'),
(81,'Alexia','Cherrington','acherrington27@gizmodo.com','38370 Derek Alley','533-758-6930'),
(82,'Karolina','Wohlers','kwohlers28@pcworld.com','9 Anderson Parkway','482-569-8184'),
(83,'Bobby','Spire','bspire29@hibu.com','23 Burrows Point','192-886-9456'),
(84,'Myra','Fenne','mfenne2a@nbcnews.com','01053 Fair Oaks Place','364-232-4137'),
(85,'Marijn','Orford','morford2b@hatena.ne.jp','27843 Little Fleur Plaza','910-401-2468'),
(86,'Maddie','McShane','mmcshane2c@rambler.ru','88188 Morning Parkway','698-311-3448'),
(87,'Hilary','Klawi','hklawi2d@berkeley.edu','63 Claremont Terrace','893-973-9300'),
(88,'Hallie','Bloxland','hbloxland2e@weibo.com','4 Kipling Pass','640-778-9891'),
(89,'Carl','Farguhar','cfarguhar2f@nsw.gov.au','6874 Forest Court','948-829-7618'),
(90,'Fawnia','Offen','foffen2g@list-manage.com','55 Sage Crossing','558-424-1389'),
(91,'Ursa','Mottinelli','umottinelli2h@mediafire.com','71 Sutteridge Plaza','676-892-9748'),
(92,'Reidar','De Matteis','rdematteis2i@noaa.gov','15851 Laurel Circle','764-445-8997'),
(93,'Didi','Orris','dorris2j@123-reg.co.uk','437 David Hill','802-242-3244'),
(94,'Alexander','Sherar','asherar2k@archive.org','2 Maple Trail','440-507-9175'),
(95,'Kevina','Luscott','kluscott2l@ezinearticles.com','02 Londonderry Road','536-416-9360'),
(96,'Orson','McCulloch','omcculloch2m@w3.org','374 Commercial Way','549-148-9635'),
(97,'Herb','Rogans','hrogans2n@ca.gov','3 Stoughton Pass','589-243-8260'),
(98,'Petronella','Brumble','pbrumble2o@nps.gov','301 Randy Park','923-257-5929'),
(99,'Jackelyn','Loveday','jloveday2p@shop-pro.jp','7077 Russell Pass','473-764-3004'),
(100,'Leland','Koopman','lkoopman2q@google.com.au','4253 1st Crossing','956-441-2268'),
(101,'Angie','Wilflinger','awilflinger2r@amazon.de','1 Ronald Regan Avenue','294-612-0054'),
(102,'Charlotte','Woodeson','cwoodeson2s@blogger.com','83 Pepper Wood Trail','782-140-2526'),
(103,'Poppy','Mart','pmart2t@com.com','6 Sycamore Road','587-657-6081'),
(104,'Kariotta','O\'Rourke','korourke2u@usda.gov','8639 Veith Trail','718-648-3507'),
(105,'Dodi','Fulton','dfulton2v@privacy.gov.au','702 Lighthouse Bay Lane','544-476-5137'),
(106,'Sonja','Huyton','shuyton2w@wp.com','39177 Russell Street','447-843-0671'),
(107,'Vonni','Brookbank','vbrookbank2x@hostgator.com','83622 Vernon Junction','556-232-0972'),
(108,'Garrott','Ruslin','gruslin2y@yelp.com','336 Walton Parkway','196-588-8862'),
(109,'Viviana','Wittleton','vwittleton2z@bizjournals.com','83 Stuart Crossing','686-390-1400'),
(110,'Delora','Fisk','dfisk30@shop-pro.jp','6 Melrose Street','867-639-7818'),
(111,'Sapphira','Egglestone','segglestone31@skype.com','6736 Birchwood Center','332-651-0877'),
(112,'Gerek','Bahl','gbahl32@livejournal.com','3818 Warner Alley','997-773-6794'),
(113,'Arnold','Paolillo','apaolillo33@geocities.com','32 Birchwood Parkway','179-898-2428'),
(114,'Howey','Dyshart','hdyshart34@ask.com','20 Clarendon Plaza','491-695-2977'),
(115,'Jemie','Christophle','jchristophle35@wordpress.com','9 Briar Crest Park','171-792-8300'),
(116,'Caprice','Crowd','ccrowd36@123-reg.co.uk','1 Coleman Terrace','713-631-4839'),
(117,'Hebert','Belloch','hbelloch37@sourceforge.net','7039 Petterle Circle','439-330-0095'),
(118,'Christan','Jeyes','cjeyes38@hud.gov','49 Northridge Alley','499-820-6405'),
(119,'Kathe','Lasselle','klasselle39@digg.com','1659 Sunnyside Crossing','465-316-6928'),
(120,'Bogart','Slyne','bslyne3a@reverbnation.com','76 Sauthoff Point','905-600-7521'),
(121,'Jeromy','Heymes','jheymes3b@ucla.edu','09 Tony Road','486-586-9443'),
(122,'Herbert','Hryncewicz','hhryncewicz3c@stumbleupon.com','5617 Mayer Alley','432-666-3853'),
(123,'Merle','Novacek','mnovacek3d@last.fm','1071 Hooker Parkway','328-433-8574'),
(124,'Vasili','Garrood','vgarrood3e@illinois.edu','185 Bayside Lane','641-257-4763'),
(125,'Hale','Chandler','hchandler3f@google.es','06 Sloan Place','209-137-1768'),
(126,'Lizbeth','Petrushkevich','lpetrushkevich3g@cbsnews.com','635 Southridge Alley','713-597-0354'),
(127,'Shaun','Smeuin','ssmeuin3h@histats.com','06 Lotheville Avenue','322-201-0290'),
(128,'Gabbie','Danielczyk','gdanielczyk3i@huffingtonpost.com','8219 Talmadge Park','784-989-0437'),
(129,'Bink','Kenworthy','bkenworthy3j@usa.gov','026 Talisman Parkway','380-793-8536'),
(130,'Elva','Wagstaff','ewagstaff3k@reddit.com','6377 Huxley Circle','361-370-6840'),
(131,'Karlens','Chesley','kchesley3l@usa.gov','978 Mockingbird Trail','912-206-7820'),
(132,'Buddy','Kohneke','bkohneke3m@slate.com','4 Clemons Hill','624-666-9575'),
(133,'Herve','Liddell','hliddell3n@xrea.com','7 Crownhardt Center','877-283-5000'),
(134,'Wynnie','Braisted','wbraisted3o@booking.com','62 Sherman Road','576-652-5692'),
(135,'Fiann','Derycot','fderycot3p@macromedia.com','899 Mcbride Center','384-914-8014'),
(136,'Lenci','Drescher','ldrescher3q@360.cn','5 Colorado Junction','612-730-4876'),
(137,'Diego','Harlow','dharlow3r@issuu.com','73 Myrtle Court','230-339-4775'),
(138,'Anabelle','Jelphs','ajelphs3s@wikipedia.org','759 Hermina Place','361-588-5451'),
(139,'Ashly','Gorriessen','agorriessen3t@irs.gov','3861 Vermont Hill','960-224-0373'),
(140,'Damien','Banker','dbanker3u@ycombinator.com','95327 Boyd Center','582-251-8743'),
(141,'Joycelin','Cornish','jcornish3v@twitter.com','65354 Main Circle','432-921-4389'),
(142,'Guenna','O\'Currane','gocurrane3w@time.com','2 American Pass','593-498-0376'),
(143,'Dino','Spollen','dspollen3x@godaddy.com','78 Coleman Pass','505-350-7704'),
(144,'Dougy','Karby','dkarby3y@github.com','3766 Old Shore Drive','920-748-0021'),
(145,'Sancho','Goreisr','sgoreisr3z@wisc.edu','4163 Thackeray Park','275-680-2012'),
(146,'Nina','Cornely','ncornely40@apache.org','0276 Surrey Avenue','423-681-9405'),
(147,'Malorie','Guare','mguare41@reverbnation.com','02 Anhalt Park','440-223-6331'),
(148,'Stanford','Haddon','shaddon42@cbslocal.com','964 Blue Bill Park Circle','428-323-8650'),
(149,'Nelly','Truse','ntruse43@elpais.com','783 Westend Junction','330-657-8487'),
(150,'Ricca','Hayden','rhayden44@linkedin.com','1 Evergreen Street','905-727-8945'),
(151,'Claiborne','Capineer','ccapineer45@bluehost.com','61 Prairieview Junction','636-314-2562'),
(152,'Joellen','McGeechan','jmcgeechan46@sitemeter.com','68853 North Hill','347-933-3909'),
(153,'Filide','Dilger','fdilger47@sakura.ne.jp','6411 Scofield Lane','329-421-1841'),
(154,'Kane','Screwton','kscrewton48@nymag.com','8364 Mosinee Lane','625-647-7010'),
(155,'Kandy','Dun','kdun49@miibeian.gov.cn','5371 Rigney Plaza','483-676-1493'),
(156,'Kathy','Wenham','kwenham4a@europa.eu','90 Buhler Avenue','627-531-4958'),
(157,'Gray','Hanscomb','ghanscomb4b@privacy.gov.au','50576 Rusk Way','711-852-5589'),
(158,'Seth','Cloute','scloute4c@senate.gov','2 Del Mar Street','893-382-7879'),
(159,'Allx','McRavey','amcravey4d@privacy.gov.au','23 Logan Hill','580-215-5612'),
(160,'Laverne','Tarry','ltarry4e@apple.com','8 Fair Oaks Street','299-280-9009'),
(161,'Skippy','Vitall','svitall4f@t-online.de','3 Hollow Ridge Crossing','970-647-2277'),
(162,'Jonis','Hadigate','jhadigate4g@oakley.com','6 Forest Way','755-748-8860'),
(163,'Lexine','Orgel','lorgel4h@mtv.com','3770 Basil Drive','563-587-8569'),
(164,'Kristofer','Stockbridge','kstockbridge4i@mac.com','5 Grayhawk Avenue','826-868-8074'),
(165,'Sayer','Cockle','scockle4j@dailymail.co.uk','9296 Fisk Pass','238-852-8063'),
(166,'Arny','Siviour','asiviour4k@apple.com','0 Sugar Place','263-337-1945'),
(167,'Tully','Toon','ttoon4l@simplemachines.org','6571 Harbort Park','777-797-1918'),
(168,'Prue','Cookes','pcookes4m@omniture.com','79127 Pine View Avenue','528-678-1973'),
(169,'Amye','Lavrick','alavrick4n@rakuten.co.jp','6 Tomscot Center','929-453-2048'),
(170,'Roxie','Sidworth','rsidworth4o@ucoz.ru','992 Toban Circle','498-104-4214'),
(171,'Mel','Blinder','mblinder4p@google.co.jp','6 Tennyson Parkway','412-811-9270'),
(172,'Theodoric','Haskayne','thaskayne4q@nbcnews.com','74 Badeau Hill','335-169-9922'),
(173,'Sargent','Ledson','sledson4r@nsw.gov.au','93267 Everett Place','630-416-4525'),
(174,'Palm','Lorrain','plorrain4s@amazon.de','35 Nova Road','884-741-7637'),
(175,'Beatrice','Bohan','bbohan4t@4shared.com','567 Lunder Way','275-603-6445'),
(176,'Keelby','Hamal','khamal4u@diigo.com','0242 Mcguire Point','909-696-9822'),
(177,'Dexter','Limprecht','dlimprecht4v@sina.com.cn','5466 Prairie Rose Trail','374-791-0272'),
(178,'Heather','Krolle','hkrolle4w@netscape.com','04949 Melvin Park','614-600-6390'),
(179,'Chelsae','Buttriss','cbuttriss4x@state.tx.us','20786 Sachtjen Avenue','458-436-7851'),
(180,'Lindy','Magnus','lmagnus4y@ebay.com','721 Emmet Place','367-135-8012'),
(181,'Tova','Tremellan','ttremellan4z@tripod.com','2853 East Center','294-456-7980'),
(182,'Ardra','Goodrum','agoodrum50@apache.org','819 Portage Park','356-466-3129'),
(183,'Cristal','Girod','cgirod51@columbia.edu','002 Kensington Drive','626-351-4063'),
(184,'Rhody','Adamec','radamec52@prnewswire.com','334 Oak Valley Crossing','382-698-0633'),
(185,'Tony','Stoffer','tstoffer53@rambler.ru','798 Clarendon Pass','550-494-1798'),
(186,'Constantine','Reisin','creisin54@marketwatch.com','6 Cascade Junction','916-956-6152'),
(187,'Monroe','Bothie','mbothie55@hc360.com','87 Monument Plaza','310-921-1565'),
(188,'Barret','Wood','bwood56@yellowpages.com','51 Merchant Terrace','124-382-1493'),
(189,'Red','Inker','rinker57@buzzfeed.com','426 Birchwood Road','534-597-5439'),
(190,'Hall','Espino','hespino58@dailymotion.com','49 Old Shore Park','392-404-5434'),
(191,'Norbert','MacNamee','nmacnamee59@shareasale.com','756 Grayhawk Drive','656-768-6475'),
(192,'Laraine','Gypps','lgypps5a@networkadvertising.org','454 Bluestem Court','212-154-3439'),
(193,'Karlie','Brownlee','kbrownlee5b@bandcamp.com','5 Tennessee Center','710-909-5373'),
(194,'Ora','Antoszewski','oantoszewski5c@goodreads.com','21 Weeping Birch Terrace','283-430-1773'),
(195,'Myles','McCerery','mmccerery5d@reverbnation.com','8767 Stuart Drive','780-233-3386'),
(196,'Charyl','Skule','cskule5e@fda.gov','871 Raven Place','352-855-0230'),
(197,'Yasmeen','Davidson','ydavidson5f@indiegogo.com','6 Gale Center','266-761-7717'),
(198,'Alfredo','Josefowicz','ajosefowicz5g@accuweather.com','8193 Loeprich Hill','940-867-6342'),
(199,'Dal','Polsin','dpolsin5h@deliciousdays.com','849 Farmco Lane','666-450-0236'),
(200,'Marietta','Collumbine','mcollumbine5i@myspace.com','9560 Delladonna Hill','614-739-9661'),
(201,'Renata','Tohill','rtohill5j@mac.com','42788 Merrick Plaza','472-983-8635'),
(202,'Kyla','Bavister','kbavister5k@geocities.com','1922 Crescent Oaks Court','528-692-4701'),
(203,'Austin','Blackledge','ablackledge5l@nature.com','5 Sunfield Pass','609-267-8205'),
(204,'Aili','Deeming','adeeming5m@columbia.edu','28555 Claremont Drive','337-775-0873'),
(205,'Daryl','Trotman','dtrotman5n@smugmug.com','4 Corscot Drive','512-989-9396'),
(206,'Diandra','Mandrey','dmandrey5o@acquirethisname.com','2 Fulton Road','304-712-9734'),
(207,'Shay','Haining','shaining5p@dropbox.com','747 Londonderry Point','951-102-0613'),
(208,'Roscoe','Ferrarini','rferrarini5q@oracle.com','690 Spenser Way','295-509-9069'),
(209,'Rivy','Blaycock','rblaycock5r@myspace.com','0974 Holy Cross Avenue','433-389-1852'),
(210,'Willis','Presho','wpresho5s@simplemachines.org','9115 Melby Parkway','219-747-6403'),
(211,'Evangeline','Relfe','erelfe5t@cnbc.com','523 Pond Way','436-984-1989'),
(212,'Bev','Noli','bnoli5u@elpais.com','07 Park Meadow Hill','138-170-3491'),
(213,'Dom','Oselton','doselton5v@csmonitor.com','301 Myrtle Junction','457-464-3559'),
(214,'Lesley','Jiruca','ljiruca5w@alexa.com','3070 Westridge Parkway','486-473-9146'),
(215,'Erhard','Godon','egodon5x@google.ca','6 Arapahoe Court','147-556-1706'),
(216,'Goldi','Baty','gbaty5y@eepurl.com','397 Nova Lane','571-694-4105'),
(217,'Markos','Birdseye','mbirdseye5z@blogger.com','78 Coolidge Crossing','910-235-5674'),
(218,'Malinde','Vanelli','mvanelli60@pbs.org','4 Maple Court','255-369-0886'),
(219,'Devi','Demsey','ddemsey61@nydailynews.com','68511 Morningstar Park','683-765-3622'),
(220,'Dene','Gleadle','dgleadle62@gnu.org','4 Hudson Plaza','873-164-0237'),
(221,'Carma','Scorthorne','cscorthorne63@youku.com','66527 Marquette Crossing','775-325-7109'),
(222,'Izak','Berzon','iberzon64@multiply.com','61219 Maryland Plaza','422-174-0759'),
(223,'Samuele','Botterman','sbotterman65@independent.co.uk','0103 Vera Point','277-441-3236'),
(224,'Hermie','Mutch','hmutch66@dyndns.org','3684 Iowa Point','839-789-0624'),
(225,'Ardath','Snelle','asnelle67@about.com','12 Meadow Vale Court','583-260-9162'),
(226,'Lonnie','Harkin','lharkin68@harvard.edu','2 Fremont Park','244-379-5301'),
(227,'Cayla','Reina','creina69@chicagotribune.com','79071 Jenifer Center','810-541-2454'),
(228,'Fay','Ballsdon','fballsdon6a@dell.com','792 Magdeline Plaza','962-731-7453'),
(229,'Jarrad','Ashborn','jashborn6b@paginegialle.it','938 Iowa Court','960-342-1240'),
(230,'Essy','Ebbs','eebbs6c@cbc.ca','03 Hooker Drive','480-879-8816'),
(231,'Adrianna','Vassman','avassman6d@reference.com','88818 Pawling Place','529-180-9970'),
(232,'Chrotoem','Rought','crought6e@tuttocitta.it','6 Forest Run Place','435-916-0931'),
(233,'Gwenny','McComas','gmccomas6f@hugedomains.com','5 Sauthoff Way','630-260-3913'),
(234,'Bernarr','Cartmell','bcartmell6g@unc.edu','8 Magdeline Pass','606-736-5039'),
(235,'Natka','Torbet','ntorbet6h@wp.com','4 Jenifer Court','534-859-0868'),
(236,'Mar','Celle','mcelle6i@slashdot.org','63 Mockingbird Center','689-312-0710'),
(237,'Lyle','Sharnock','lsharnock6j@smugmug.com','33707 Cambridge Point','213-997-2905'),
(238,'Stephani','Farnell','sfarnell6k@hubpages.com','549 Hooker Center','333-107-9285'),
(239,'Phylys','Gavaghan','pgavaghan6l@facebook.com','97 Corscot Alley','150-836-5546'),
(240,'Shay','Inderwick','sinderwick6m@pinterest.com','09301 Stuart Hill','972-877-4371'),
(241,'Vicki','O\'Driscoll','vodriscoll6n@behance.net','44 Crest Line Hill','623-785-3293'),
(242,'Dennet','Di Pietro','ddipietro6o@mediafire.com','674 Lawn Pass','618-660-6041'),
(243,'Maryjo','Fawdrie','mfawdrie6p@bloglines.com','51 Petterle Lane','547-466-8751'),
(244,'Rosemarie','Hibbart','rhibbart6q@google.com.au','8 Dapin Hill','273-971-0960'),
(245,'Phineas','Evensden','pevensden6r@plala.or.jp','4 Main Court','801-352-6832'),
(246,'Randolph','D\'Aguanno','rdaguanno6s@studiopress.com','0021 Sunfield Junction','467-764-5247'),
(247,'Bronnie','Filppetti','bfilppetti6t@myspace.com','9022 Monica Point','258-695-8408'),
(248,'Meredith','Stithe','mstithe6u@acquirethisname.com','77 Londonderry Park','353-440-2708'),
(249,'Rania','Lydster','rlydster6v@chicagotribune.com','40605 Londonderry Parkway','865-646-1337'),
(250,'Pru','Yannikov','pyannikov6w@etsy.com','6 American Parkway','773-343-0148'),
(251,'Roseanne','Boor','rboor6x@nba.com','3638 Toban Park','179-409-8403'),
(252,'Abbe','Kulvear','akulvear6y@diigo.com','9 Elka Plaza','785-724-9082'),
(253,'Ulick','Trighton','utrighton6z@tinypic.com','863 Waywood Hill','232-840-3166'),
(254,'Beverlie','Todhunter','btodhunter70@t-online.de','22631 Saint Paul Court','871-435-6938'),
(255,'Isabeau','Georges','igeorges71@seattletimes.com','07 Nova Plaza','816-584-3380'),
(256,'Murdock','Gunney','mgunney72@cnbc.com','96 Moulton Way','506-730-9390'),
(257,'Adora','Overy','aovery73@soundcloud.com','7 Comanche Road','198-683-5729'),
(258,'James','Keat','jkeat74@wordpress.com','0884 Buena Vista Circle','990-492-1757'),
(259,'Leia','Lewnden','llewnden75@4shared.com','3 Loomis Plaza','724-483-3449'),
(260,'Bran','Scripture','bscripture76@over-blog.com','37 Crownhardt Place','941-333-0082'),
(261,'Janette','Adelberg','jadelberg77@cmu.edu','91 Merry Way','491-368-3221'),
(262,'Claudio','Firbank','cfirbank78@surveymonkey.com','6777 Briar Crest Circle','941-160-2100'),
(263,'Fairlie','McFadin','fmcfadin79@home.pl','5 Messerschmidt Street','476-727-9035'),
(264,'Chet','Iwanowski','ciwanowski7a@i2i.jp','1203 Mccormick Circle','211-176-8114'),
(265,'Vonny','Plewright','vplewright7b@japanpost.jp','81 Browning Street','246-865-0718'),
(266,'Godfry','Laneham','glaneham7c@jiathis.com','609 Ohio Street','535-469-5594'),
(267,'Murdoch','Tew','mtew7d@bing.com','27 Nancy Terrace','543-292-5737'),
(268,'Brien','Pavlovsky','bpavlovsky7e@hp.com','8 Dexter Way','814-290-4679'),
(269,'Roseanne','Curry','rcurry7f@biglobe.ne.jp','470 Everett Lane','784-378-1091'),
(270,'Bartolemo','Greenly','bgreenly7g@cornell.edu','69331 Melrose Avenue','544-771-9586'),
(271,'Burnaby','Spear','bspear7h@bing.com','604 Lukken Alley','455-878-2751'),
(272,'Ardenia','Kyteley','akyteley7i@vk.com','3768 American Ash Street','315-358-3317'),
(273,'Connie','Rumney','crumney7j@posterous.com','2071 Carioca Park','458-354-5270'),
(274,'Wayland','Pirrey','wpirrey7k@mail.ru','9 Clarendon Junction','402-247-5401'),
(275,'Delcina','Hegg','dhegg7l@go.com','52927 Dennis Junction','229-997-7371'),
(276,'Lucas','Niblock','lniblock7m@google.com.br','2844 Del Mar Lane','246-726-8882'),
(277,'Nanci','Hatchett','nhatchett7n@cam.ac.uk','615 Coleman Pass','976-415-1145'),
(278,'Cathee','Bossingham','cbossingham7o@amazon.co.jp','02 Monica Place','904-517-0305'),
(279,'Jerald','Mostin','jmostin7p@nasa.gov','68 Mariners Cove Alley','974-186-8095'),
(280,'Pammi','Brocklebank','pbrocklebank7q@theatlantic.com','8 Daystar Way','579-586-9241'),
(281,'Ewan','Hayer','ehayer7r@nature.com','6 Rowland Terrace','281-623-5719'),
(282,'Cynde','Matteau','cmatteau7s@java.com','7 Tomscot Alley','128-449-4256'),
(283,'Iona','Issacson','iissacson7t@time.com','79015 Service Junction','413-251-1901'),
(284,'Debera','Narramore','dnarramore7u@independent.co.uk','1171 Bayside Crossing','109-217-7364'),
(285,'Delphinia','Tettley','dtettley7v@youku.com','2888 Ridgeway Court','825-308-2922'),
(286,'Sander','Junkinson','sjunkinson7w@devhub.com','667 Clemons Plaza','748-572-5873'),
(287,'Massimo','Mellodey','mmellodey7x@purevolume.com','7 Bayside Drive','271-950-5808'),
(288,'Morey','Kitman','mkitman7y@live.com','8799 Pawling Street','901-261-3984'),
(289,'Gabrila','Melley','gmelley7z@seattletimes.com','4416 Glendale Hill','555-683-6149'),
(290,'Nobie','Eddisford','neddisford80@berkeley.edu','23 Superior Terrace','219-503-8228'),
(291,'Ofella','Tombleson','otombleson81@indiegogo.com','5134 Luster Hill','923-678-0511'),
(292,'Steffen','Maass','smaass82@webs.com','47 Pleasure Pass','963-780-4155'),
(293,'Donni','Bremond','dbremond83@usgs.gov','9578 Union Avenue','573-223-9976'),
(294,'Thaxter','Penella','tpenella84@networkadvertising.org','84073 Summerview Drive','769-537-5035'),
(295,'Royce','Tear','rtear85@independent.co.uk','0158 Sunnyside Plaza','407-143-3423'),
(296,'Cynthea','Locarno','clocarno86@apple.com','76 Daystar Junction','240-241-1781'),
(297,'Francene','Tams','ftams87@usa.gov','9764 Oakridge Lane','284-883-3200'),
(298,'Mike','Wilfinger','mwilfinger88@gravatar.com','309 Northview Trail','170-500-3795'),
(299,'Byrom','Merrill','bmerrill89@surveymonkey.com','96 Warner Street','705-802-6317'),
(300,'Ainslie','Fairn','afairn8a@4shared.com','9 Sommers Terrace','405-356-7621'),
(301,'Ker','Pagden','kpagden8b@pagesperso-orange.fr','8 Lakewood Gardens Center','591-204-2727'),
(302,'Maryellen','Crosi','mcrosi8c@123-reg.co.uk','99465 Sutherland Road','937-899-7170'),
(303,'Sabine','Grichukhin','sgrichukhin8d@hugedomains.com','4 Briar Crest Hill','547-507-5245'),
(304,'Malchy','Dallaghan','mdallaghan8e@booking.com','17 Bayside Trail','211-367-7461'),
(305,'Parrnell','Ventham','pventham8f@ucsd.edu','6 Briar Crest Court','484-313-8644'),
(306,'Karalynn','Visco','kvisco8g@wikia.com','1757 Mesta Pass','991-128-1935'),
(307,'Gert','Lackney','glackney8h@paginegialle.it','8790 Norway Maple Street','524-685-1764'),
(308,'Rubetta','Rowly','rrowly8i@netvibes.com','8369 Annamark Trail','945-185-3589'),
(309,'Dinah','Sherr','dsherr8j@studiopress.com','16 Del Mar Court','947-280-9429'),
(310,'Rosmunda','Iowarch','riowarch8k@mtv.com','33 International Drive','755-870-6925'),
(311,'Hersch','Bloggett','hbloggett8l@irs.gov','2923 Blackbird Park','501-505-3432'),
(312,'Hyatt','Vawton','hvawton8m@techcrunch.com','75521 Orin Terrace','256-845-1720'),
(313,'Hugues','Horbart','hhorbart8n@mac.com','32130 Duke Point','706-226-0957'),
(314,'Ab','Aughtie','aaughtie8o@webeden.co.uk','32 Colorado Place','111-194-8049'),
(315,'Errick','Stoop','estoop8p@a8.net','41 Northridge Circle','617-445-1749'),
(316,'Catarina','Knapman','cknapman8q@seattletimes.com','210 Hoffman Junction','842-897-3153'),
(317,'Letta','Inkin','linkin8r@home.pl','20 Esch Junction','614-939-2340'),
(318,'Deva','Camus','dcamus8s@parallels.com','93 Mccormick Terrace','305-198-0366'),
(319,'Doyle','Biddle','dbiddle8t@zimbio.com','6 Harbort Road','215-667-9077'),
(320,'Mariellen','Paffitt','mpaffitt8u@ameblo.jp','9981 Kensington Junction','636-208-4824'),
(321,'Caspar','Dayes','cdayes8v@bigcartel.com','42 Division Crossing','579-166-9620'),
(322,'Dido','Plessing','dplessing8w@360.cn','375 Dottie Parkway','919-487-2484'),
(323,'Issie','Meckiff','imeckiff8x@naver.com','795 Goodland Parkway','251-873-9615'),
(324,'Ludwig','Fitchett','lfitchett8y@ow.ly','29142 Coleman Street','305-178-2634'),
(325,'Carla','Habron','chabron8z@biglobe.ne.jp','632 American Court','133-182-6906'),
(326,'Allene','Silwood','asilwood90@smh.com.au','8 Carioca Plaza','987-739-8901'),
(327,'Nevil','Marshallsay','nmarshallsay91@github.com','1642 Logan Street','315-272-8942'),
(328,'Krishnah','Cutajar','kcutajar92@de.vu','6180 Laurel Pass','644-574-8997'),
(329,'Hally','Labdon','hlabdon93@123-reg.co.uk','89333 Westridge Park','177-571-3387'),
(330,'Randy','Wildash','rwildash94@mapy.cz','4564 6th Way','646-731-7907'),
(331,'Tillie','Hullins','thullins95@blogger.com','5132 6th Plaza','700-531-7097'),
(332,'Liv','Martijn','lmartijn96@mediafire.com','072 Division Drive','830-197-2063'),
(333,'Jarvis','Hail','jhail97@t.co','55 Maryland Terrace','192-823-8097'),
(334,'Renard','Esmead','resmead98@vk.com','142 Main Pass','760-517-4033'),
(335,'Corey','Jarvie','cjarvie99@google.de','216 2nd Drive','384-645-8820'),
(336,'Shane','Jeyness','sjeyness9a@google.de','239 Calypso Hill','463-668-3561'),
(337,'Winnifred','Dowse','wdowse9b@github.com','0 Northfield Street','650-652-7751'),
(338,'Arden','Costin','acostin9c@php.net','948 Loeprich Hill','585-151-1880'),
(339,'Veriee','Gingles','vgingles9d@umich.edu','15729 Mccormick Drive','567-321-4200'),
(340,'Foster','Cayser','fcayser9e@reverbnation.com','349 1st Road','914-404-7910'),
(341,'Bogart','Carabet','bcarabet9f@toplist.cz','48 Namekagon Pass','804-421-1805'),
(342,'Camilla','Docwra','cdocwra9g@1688.com','82 Oakridge Pass','882-438-6996'),
(343,'Robin','Daly','rdaly9h@wordpress.com','081 Ludington Point','115-936-7681'),
(344,'Theresita','Digger','tdigger9i@t.co','9350 Talisman Pass','397-732-0319'),
(345,'Mable','McGeorge','mmcgeorge9j@umich.edu','748 Vera Avenue','796-209-8175'),
(346,'Minta','Hallford','mhallford9k@pcworld.com','9 Lillian Parkway','191-323-8716'),
(347,'Hagan','Iannelli','hiannelli9l@craigslist.org','046 Scoville Court','900-253-3531'),
(348,'Cordell','Sclanders','csclanders9m@drupal.org','61938 Prairieview Avenue','301-584-9527'),
(349,'Jamima','Lamburne','jlamburne9n@youtu.be','0 Welch Junction','304-726-2811'),
(350,'Noak','Stansall','nstansall9o@51.la','5 Katie Hill','392-955-4765'),
(351,'Michelle','Chamberlayne','mchamberlayne9p@apache.org','9397 Shopko Parkway','324-876-1288'),
(352,'Nealy','Blount','nblount9q@hugedomains.com','3751 Trailsway Avenue','982-814-0946'),
(353,'Roxie','Lammerts','rlammerts9r@reddit.com','796 Orin Way','331-329-8508'),
(354,'Nelie','Smorfit','nsmorfit9s@exblog.jp','5 Rockefeller Circle','352-275-6089'),
(355,'Leland','Eland','leland9t@guardian.co.uk','5 Hauk Trail','512-191-0716'),
(356,'Benni','O\'Kieran','bokieran9u@cnn.com','5 Maple Wood Plaza','544-990-4667'),
(357,'Violante','Cazereau','vcazereau9v@vimeo.com','781 Dovetail Point','702-982-0161'),
(358,'Stanfield','Game','sgame9w@squidoo.com','09 Anderson Drive','129-546-8587'),
(359,'Josias','Raynor','jraynor9x@wunderground.com','6768 Oriole Lane','578-321-2981'),
(360,'Trumaine','Nehls','tnehls9y@miibeian.gov.cn','085 Hollow Ridge Street','470-782-2406'),
(361,'Paige','Ellens','pellens9z@clickbank.net','83998 Declaration Circle','144-306-7530'),
(362,'Belinda','Townby','btownbya0@adobe.com','153 Ludington Lane','532-854-3251'),
(363,'Humfried','Thornley','hthornleya1@ebay.co.uk','0929 Fallview Park','743-195-4125'),
(364,'Bunni','Smoth','bsmotha2@globo.com','442 Sunfield Street','953-826-4452'),
(365,'Paulie','Glancey','pglanceya3@twitter.com','0100 Bayside Drive','476-532-9352'),
(366,'Sheridan','Crighton','scrightona4@google.co.uk','0044 Karstens Pass','956-963-6514'),
(367,'Beck','Collin','bcollina5@devhub.com','0414 Stuart Plaza','844-555-8264'),
(368,'Aida','Hulmes','ahulmesa6@nih.gov','92 Tomscot Center','488-951-0485'),
(369,'Mari','Hastwell','mhastwella7@sakura.ne.jp','01 Bobwhite Drive','939-729-0387'),
(370,'Trace','Fawson','tfawsona8@jalbum.net','0244 Haas Drive','699-238-5076'),
(371,'Irina','Elwill','ielwilla9@drupal.org','72 Red Cloud Trail','173-270-9953'),
(372,'Leroi','Billett','lbillettaa@noaa.gov','47 Lakewood Gardens Circle','572-923-2751'),
(373,'Justino','Wilsey','jwilseyab@irs.gov','65949 Aberg Way','181-595-1294'),
(374,'Buckie','Seyers','bseyersac@yellowbook.com','096 Walton Street','609-568-6492'),
(375,'Orv','Overil','ooverilad@eepurl.com','005 Debra Plaza','178-801-1391'),
(376,'Babara','Blenkinship','bblenkinshipae@chronoengine.com','62036 8th Terrace','674-138-8715'),
(377,'Terri','Prester','tpresteraf@tripod.com','93126 Coleman Park','946-400-4847'),
(378,'Lavinia','Reddle','lreddleag@dailymail.co.uk','9109 Anthes Hill','913-334-2175'),
(379,'Emmett','Goodey','egoodeyah@vkontakte.ru','37418 Brickson Park Avenue','977-955-7733'),
(380,'Prudi','Fitchet','pfitchetai@aol.com','5 Waywood Hill','807-494-6882'),
(381,'Basilius','De Bruyn','bdebruynaj@163.com','9 Kensington Place','120-474-0243'),
(382,'Zita','Liccardo','zliccardoak@woothemes.com','32 Transport Plaza','771-600-7945'),
(383,'Amory','Willey','awilleyal@house.gov','2 Shoshone Circle','807-393-6751'),
(384,'Katherine','Burress','kburressam@hhs.gov','26 Hoffman Lane','517-876-4341'),
(385,'Ardys','Konrad','akonradan@accuweather.com','5 Longview Trail','320-580-1552'),
(386,'Koralle','Kahan','kkahanao@independent.co.uk','44 Mesta Parkway','553-967-3368'),
(387,'Cathlene','Cancutt','ccancuttap@baidu.com','0 Transport Street','926-871-5965'),
(388,'Josee','Mephan','jmephanaq@symantec.com','086 Russell Circle','967-700-5486'),
(389,'Hurleigh','Seeman','hseemanar@scientificamerican.com','03521 Memorial Plaza','663-199-0259'),
(390,'Inger','Petrillo','ipetrilloas@oakley.com','9904 Melody Parkway','724-116-1368'),
(391,'Eldin','Bernucci','ebernucciat@accuweather.com','62 Lyons Plaza','586-724-0391'),
(392,'Curr','Haycox','chaycoxau@ftc.gov','2 Delaware Point','417-277-9338'),
(393,'Michel','Lillico','mlillicoav@ucoz.ru','1918 La Follette Road','783-425-5342'),
(394,'Shaina','Bliven','sblivenaw@ibm.com','60 Memorial Drive','629-594-8479'),
(395,'Hasty','Preddy','hpreddyax@bloomberg.com','311 Farragut Park','577-353-5452'),
(396,'Moses','Blundell','mblundellay@google.nl','30691 North Court','578-858-4229'),
(397,'Elisha','Friend','efriendaz@ocn.ne.jp','7839 Oneill Place','329-523-5147'),
(398,'Lorenza','Onraet','lonraetb0@msu.edu','2 Manley Place','869-451-3059'),
(399,'Herta','Pantecost','hpantecostb1@nba.com','017 Maple Wood Pass','382-800-0437'),
(400,'Shelley','Gerbi','sgerbib2@ucoz.com','229 Hoard Circle','147-460-5759'),
(401,'Goldi','Edmundson','gedmundsonb3@nydailynews.com','0 Cambridge Park','684-580-4193'),
(402,'Foster','Slucock','fslucockb4@addthis.com','33 Center Circle','445-209-8005'),
(403,'Daryl','Kupper','dkupperb5@rakuten.co.jp','302 Warner Court','855-889-5976'),
(404,'Tandi','Levens','tlevensb6@slideshare.net','17522 Prentice Park','718-591-3016'),
(405,'Karalynn','Barnwell','kbarnwellb7@baidu.com','0102 Steensland Place','270-114-8785'),
(406,'Zarah','Shillaker','zshillakerb8@usnews.com','5673 Logan Avenue','789-997-0204'),
(407,'Derek','Golton','dgoltonb9@vk.com','807 Pleasure Court','166-445-6776'),
(408,'Esmaria','Ebbens','eebbensba@answers.com','8 Trailsway Pass','458-959-2063'),
(409,'Blondell','Gerlack','bgerlackbb@topsy.com','7 Loeprich Circle','292-385-6931'),
(410,'Curcio','Portman','cportmanbc@elegantthemes.com','7 Petterle Point','583-763-5748'),
(411,'Lucias','Lagadu','llagadubd@baidu.com','0832 Kropf Pass','552-332-4165'),
(412,'Helaina','Francescuccio','hfrancescucciobe@yahoo.com','99466 Clyde Gallagher Drive','401-349-9564'),
(413,'Dory','Stansby','dstansbybf@jigsy.com','16 Northport Hill','317-915-9541'),
(414,'Moshe','Hakey','mhakeybg@npr.org','92 Dennis Plaza','264-158-5043'),
(415,'Rodrick','Huriche','rhurichebh@webs.com','80 Dryden Lane','570-647-9733'),
(416,'Connie','Bingall','cbingallbi@guardian.co.uk','5 Londonderry Point','601-488-7326'),
(417,'Penrod','Oldershaw','poldershawbj@themeforest.net','588 Vermont Place','865-461-9870'),
(418,'Clari','Dietmar','cdietmarbk@hud.gov','16 Mcbride Crossing','603-861-1364'),
(419,'Meyer','Pendlenton','mpendlentonbl@cyberchimps.com','839 Eagle Crest Place','914-611-7391'),
(420,'Clarke','Carbonell','ccarbonellbm@last.fm','210 Pleasure Road','475-791-4108'),
(421,'Hurley','McAllen','hmcallenbn@ustream.tv','4 8th Park','484-932-8367'),
(422,'Rhoda','Alaway','ralawaybo@usnews.com','33 Erie Place','363-921-5109'),
(423,'Cordy','Cornuau','ccornuaubp@huffingtonpost.com','63012 Johnson Street','719-195-7531'),
(424,'Leslie','Papworth','lpapworthbq@baidu.com','59490 Mendota Avenue','775-317-5395'),
(425,'Cornie','Lidell','clidellbr@yellowbook.com','94 Village Way','342-947-3425'),
(426,'Sam','Hanford','shanfordbs@privacy.gov.au','802 Rusk Plaza','111-946-7310'),
(427,'Frankie','Attow','fattowbt@issuu.com','5385 Forest Dale Point','121-704-5162'),
(428,'Gerri','Merring','gmerringbu@va.gov','623 Evergreen Street','165-170-0491'),
(429,'Betteann','Cosgreave','bcosgreavebv@forbes.com','46885 Russell Pass','417-737-3323'),
(430,'Giorgia','Bloxsom','gbloxsombw@imageshack.us','9059 Holy Cross Place','955-817-1694'),
(431,'Morry','Domenico','mdomenicobx@globo.com','2 Myrtle Center','966-148-0567'),
(432,'Moira','Adamsky','madamskyby@list-manage.com','76 Kropf Drive','214-104-1796'),
(433,'Emmanuel','Hutchin','ehutchinbz@mlb.com','9769 Susan Street','203-245-8187'),
(434,'Dal','Ferdinand','dferdinandc0@webs.com','7 Russell Terrace','621-309-0844'),
(435,'Jarret','Windus','jwindusc1@ibm.com','51 Sycamore Center','478-358-1558'),
(436,'Sebastian','Fatharly','sfatharlyc2@nationalgeographic.com','1 Novick Center','858-733-0405'),
(437,'Alvinia','Salazar','asalazarc3@google.co.uk','5 Graceland Crossing','788-632-1741'),
(438,'Krystalle','Inge','kingec4@bizjournals.com','23 Ruskin Junction','907-886-6029'),
(439,'Reginald','Vauls','rvaulsc5@eepurl.com','8340 Kensington Crossing','448-721-5549'),
(440,'Ricoriki','Boneham','rbonehamc6@istockphoto.com','99 Chinook Plaza','320-901-3308'),
(441,'Jenilee','Francey','jfranceyc7@aboutads.info','15 Oneill Parkway','464-959-4804'),
(442,'Malissia','Betteridge','mbetteridgec8@csmonitor.com','224 Graedel Circle','607-680-4439'),
(443,'Gery','Gorelli','ggorellic9@latimes.com','7 Pond Drive','276-198-1595'),
(444,'Candice','Akroyd','cakroydca@typepad.com','26689 Lien Pass','298-587-0028'),
(445,'Corabella','Carrett','ccarrettcb@dropbox.com','12 Toban Pass','102-782-8928'),
(446,'Dani','Mazella','dmazellacc@shop-pro.jp','03437 Springview Way','812-313-1103'),
(447,'Scott','Buckler','sbucklercd@google.it','85 Dakota Point','223-850-7434'),
(448,'Darrick','Harrison','dharrisonce@techcrunch.com','1 Old Shore Parkway','616-755-7264'),
(449,'Althea','Legendre','alegendrecf@utexas.edu','7 Lakewood Alley','269-622-0346'),
(450,'Korry','Gilchriest','kgilchriestcg@ebay.co.uk','7 Spenser Street','920-790-8807'),
(451,'Anabelle','Moth','amothch@usnews.com','3910 Shasta Street','150-594-2188'),
(452,'Rorke','Phizackerly','rphizackerlyci@sogou.com','152 Ruskin Alley','844-524-4473'),
(453,'Tybie','Foystone','tfoystonecj@ehow.com','8 Troy Place','533-226-5576'),
(454,'Dall','Pilger','dpilgerck@ibm.com','2538 Melody Park','544-464-7799'),
(455,'Hanna','Abbis','habbiscl@tinypic.com','41813 Eagle Crest Avenue','998-214-7097'),
(456,'Keslie','Shergill','kshergillcm@cargocollective.com','124 Longview Junction','817-599-0482'),
(457,'Charlotte','Gotcliffe','cgotcliffecn@yellowpages.com','486 Cody Lane','313-220-7570'),
(458,'Porty','Flipek','pflipekco@ucoz.com','8 Bay Street','665-977-2010'),
(459,'Bette','Tarr','btarrcp@creativecommons.org','16 Forest Dale Street','148-130-1578'),
(460,'Drugi','Rapier','drapiercq@blog.com','0672 Doe Crossing Way','831-855-9475'),
(461,'Charleen','McBratney','cmcbratneycr@yelp.com','077 Pond Park','262-596-1036'),
(462,'Jozef','Kurten','jkurtencs@fema.gov','1 Karstens Court','363-909-0052'),
(463,'Maribel','Ohm','mohmct@army.mil','65 East Alley','310-944-2448'),
(464,'Leora','Meaden','lmeadencu@hhs.gov','6 Brown Place','495-350-3518'),
(465,'Vivie','Baskeyfied','vbaskeyfiedcv@youku.com','13 Thierer Circle','348-919-4960'),
(466,'Patience','Patridge','ppatridgecw@nbcnews.com','50 Maywood Junction','193-866-2405'),
(467,'Krissie','Sagar','ksagarcx@arstechnica.com','64555 Sutteridge Way','959-122-3533'),
(468,'Itch','Etherson','iethersoncy@people.com.cn','191 6th Park','167-967-6927'),
(469,'Ivy','Stolting','istoltingcz@storify.com','62381 Kim Parkway','345-935-4849'),
(470,'Halimeda','Rupprecht','hrupprechtd0@discovery.com','37577 Bowman Hill','388-159-6123'),
(471,'Jannel','Gerrell','jgerrelld1@guardian.co.uk','824 Independence Trail','524-204-0530'),
(472,'Maddy','Monard','mmonardd2@bing.com','78895 Thompson Center','331-247-2232'),
(473,'Paula','Cleeton','pcleetond3@europa.eu','5165 Kennedy Street','618-612-1659'),
(474,'Alf','Bradbrook','abradbrookd4@mozilla.com','4 Moulton Plaza','625-998-3377'),
(475,'Eberto','Edgworth','eedgworthd5@skype.com','29 Southridge Parkway','422-745-7254'),
(476,'Wynnie','Grimbleby','wgrimblebyd6@techcrunch.com','717 Northview Center','238-403-9791'),
(477,'Bobette','Crichley','bcrichleyd7@census.gov','6073 Russell Plaza','777-320-8442'),
(478,'Mattheus','Newbury','mnewburyd8@wordpress.com','92012 Coolidge Place','400-588-2028'),
(479,'Cass','Siaspinski','csiaspinskid9@wiley.com','2115 Ronald Regan Street','340-620-1374'),
(480,'Jannelle','Glaves','jglavesda@squidoo.com','0531 Coleman Park','243-851-2150'),
(481,'Gustavo','Raatz','graatzdb@quantcast.com','00897 Kensington Point','442-517-1800'),
(482,'Barnabe','Connick','bconnickdc@java.com','59 East Street','873-961-9755'),
(483,'Odette','Pavlasek','opavlasekdd@google.fr','668 Melrose Park','944-311-7499'),
(484,'Niki','Poles','npolesde@google.de','22 Granby Point','308-742-8663'),
(485,'Charles','Gallandre','cgallandredf@cloudflare.com','7778 Rockefeller Court','615-114-1183'),
(486,'Amalee','Dummett','adummettdg@free.fr','025 Michigan Crossing','895-388-8094'),
(487,'Bar','Chatteris','bchatterisdh@mtv.com','1760 Annamark Drive','986-147-7807'),
(488,'Trish','Berndtsson','tberndtssondi@unicef.org','6218 Autumn Leaf Lane','227-873-2449'),
(489,'Hinda','Schankel','hschankeldj@weibo.com','7 Golf View Road','240-442-9480'),
(490,'Staci','Fance','sfancedk@friendfeed.com','880 Dovetail Way','906-410-7551'),
(491,'Abran','Stockill','astockilldl@linkedin.com','7 Rowland Drive','933-252-7698'),
(492,'Lacy','Dafter','ldafterdm@twitter.com','407 Maple Wood Point','180-853-4965'),
(493,'Dukey','Marxsen','dmarxsendn@comsenz.com','189 Pankratz Center','603-874-3799'),
(494,'Leora','Sultana','lsultanado@elegantthemes.com','7536 Hauk Way','416-240-7579'),
(495,'Rebekah','Aleixo','raleixodp@webmd.com','926 Elka Alley','982-869-9669'),
(496,'Ralf','Guntrip','rguntripdq@angelfire.com','6 Aberg Center','417-484-6284'),
(497,'Leigha','Rolin','lrolindr@cam.ac.uk','489 Granby Parkway','306-888-9897'),
(498,'Perl','St Ange','pstangeds@plala.or.jp','55 Melody Park','505-600-8445'),
(499,'Debby','Jurn','djurndt@admin.ch','14418 Ryan Drive','247-717-2650'),
(500,'Kile','Rosebotham','krosebothamdu@forbes.com','895 Mccormick Terrace','395-828-4550'),
(501,'Jeanne','Gwynn','jgwynndv@nih.gov','3 Hayes Court','211-553-7778'),
(502,'Salomon','Ventura','sventuradw@craigslist.org','658 Dorton Pass','794-613-6748'),
(503,'Fran','Gravet','fgravetdx@furl.net','0 Quincy Park','732-702-2234'),
(504,'Lionello','Grummitt','lgrummittdy@admin.ch','191 American Place','278-944-2108'),
(505,'Anastassia','Ferrarello','aferrarellodz@etsy.com','6060 Waxwing Terrace','601-803-6931'),
(506,'Daphne','Campaigne','dcampaignee0@nydailynews.com','24 Londonderry Avenue','676-286-5556'),
(507,'Maximilianus','Jeness','mjenesse1@quantcast.com','0589 Eliot Circle','867-830-7737'),
(508,'Ly','Hembrow','lhembrowe2@miitbeian.gov.cn','178 Randy Way','470-784-1485'),
(509,'Guillemette','Jackalin','gjackaline3@jiathis.com','9 Fieldstone Hill','106-259-2450'),
(510,'Rich','Crowley','rcrowleye4@state.tx.us','9 Randy Street','700-848-4343'),
(511,'Tami','Aiton','taitone5@example.com','3120 Delladonna Circle','687-479-5909'),
(512,'Therese','Worsnop','tworsnope6@sfgate.com','17 Cherokee Road','883-520-3752'),
(513,'Sven','Ansley','sansleye7@wix.com','713 Utah Terrace','370-986-5123'),
(514,'Nita','Danhel','ndanhele8@wikimedia.org','1 8th Crossing','104-802-3702'),
(515,'Cherise','Stuke','cstukee9@illinois.edu','76 Moose Way','840-744-2195'),
(516,'Filippa','Dumpleton','fdumpletonea@washingtonpost.com','88 Daystar Hill','931-125-5913'),
(517,'Leese','Mannin','lmannineb@economist.com','25646 Aberg Plaza','809-572-9985'),
(518,'Saxon','Kimbly','skimblyec@latimes.com','37686 Farmco Street','574-754-2754'),
(519,'Karlee','MacGregor','kmacgregored@usgs.gov','0 Dovetail Drive','555-788-2312'),
(520,'Tisha','Gowen','tgowenee@apple.com','054 Swallow Crossing','854-115-5799'),
(521,'Lynett','Lewzey','llewzeyef@disqus.com','27351 Laurel Avenue','609-735-2943'),
(522,'Feliks','Cowins','fcowinseg@example.com','89 Hanover Plaza','241-503-3530'),
(523,'Karel','Vardey','kvardeyeh@dailymail.co.uk','33746 Cambridge Road','972-413-0847'),
(524,'Daisi','Clohissy','dclohissyei@springer.com','92106 Becker Avenue','282-938-6847'),
(525,'Marne','Durand','mdurandej@hp.com','958 School Park','451-873-8448'),
(526,'Adella','Hallgalley','ahallgalleyek@mashable.com','28829 Bartillon Alley','111-827-4535'),
(527,'Bianca','Blackleech','bblackleechel@unesco.org','4 Barby Junction','314-267-0429'),
(528,'Derrik','Mathely','dmathelyem@toplist.cz','594 Canary Pass','618-290-4301'),
(529,'Albina','Basilone','abasiloneen@utexas.edu','168 Ridge Oak Circle','542-914-2396'),
(530,'Celina','Fricker','cfrickereo@forbes.com','8 Maple Way','920-633-4035'),
(531,'Kienan','Kalisch','kkalischep@360.cn','543 Northland Plaza','885-588-3923'),
(532,'Meriel','Orgen','morgeneq@usnews.com','438 Kinsman Pass','666-187-0225'),
(533,'Maritsa','Wethey','mwetheyer@shutterfly.com','9 Macpherson Plaza','444-105-2614'),
(534,'Sharla','Farmer','sfarmeres@over-blog.com','41544 Armistice Court','574-916-8046'),
(535,'Wendy','Pursehouse','wpursehouseet@pinterest.com','4 Crest Line Court','119-706-4918'),
(536,'Juan','Gaunt','jgaunteu@arstechnica.com','218 Graedel Pass','166-858-6616'),
(537,'Gage','Hedgeman','ghedgemanev@techcrunch.com','6268 Dawn Center','847-262-2427'),
(538,'Gayelord','Sainsbury','gsainsburyew@clickbank.net','8 Debs Avenue','817-329-9887'),
(539,'Tillie','Kubin','tkubinex@storify.com','579 Dovetail Street','256-993-8575'),
(540,'Issy','Drees','idreesey@creativecommons.org','2286 Bayside Avenue','210-306-7011'),
(541,'Lulita','Stainfield','lstainfieldez@cmu.edu','87 Mesta Pass','906-662-7483'),
(542,'Concettina','de Amaya','cdeamayaf0@java.com','41513 Karstens Hill','263-584-2241'),
(543,'Gilberto','Westall','gwestallf1@mozilla.org','5931 Hollow Ridge Road','641-553-2204'),
(544,'Kellen','Lindstrom','klindstromf2@jiathis.com','342 Corry Drive','876-596-2469'),
(545,'Alexei','Corbould','acorbouldf3@accuweather.com','1609 Grasskamp Court','323-741-1316'),
(546,'Marcello','Double','mdoublef4@topsy.com','49229 Cardinal Pass','225-273-0988'),
(547,'Barton','Bodega','bbodegaf5@cyberchimps.com','397 Hollow Ridge Lane','437-917-7190'),
(548,'Theresita','Scholer','tscholerf6@hatena.ne.jp','3 Lake View Crossing','203-666-2418'),
(549,'Ogdan','Lamperd','olamperdf7@paypal.com','75961 Aberg Point','653-574-9178'),
(550,'Brett','Dennison','bdennisonf8@gmpg.org','7211 Lakewood Court','413-882-6173'),
(551,'Masha','Dimitru','mdimitruf9@delicious.com','3079 Macpherson Point','902-772-1631'),
(552,'Eddi','Kittoe','ekittoefa@phpbb.com','14 Morrow Crossing','860-668-2620'),
(553,'Mandel','Saller','msallerfb@g.co','3350 Starling Hill','887-297-7693'),
(554,'Yehudi','Texton','ytextonfc@csmonitor.com','1 Tennyson Alley','541-890-5209'),
(555,'Ailyn','Jiggins','ajigginsfd@trellian.com','2852 Thompson Trail','959-989-9947'),
(556,'Pat','Mattiassi','pmattiassife@nhs.uk','418 Chinook Center','938-569-3232'),
(557,'Kala','Gloyens','kgloyensff@pen.io','3717 Vahlen Street','406-988-9270'),
(558,'Sybille','Gammet','sgammetfg@apple.com','9 Lyons Road','191-427-2848'),
(559,'Sunny','Goodhew','sgoodhewfh@wufoo.com','47 Mandrake Hill','162-745-1166'),
(560,'Pete','Jaggs','pjaggsfi@accuweather.com','5962 Homewood Center','897-525-4795'),
(561,'Rosemaria','Sappell','rsappellfj@blogspot.com','45420 Fuller Avenue','744-329-3827'),
(562,'Hebert','O\'Moylan','homoylanfk@state.gov','60 Green Ridge Court','618-345-7647'),
(563,'Adel','Matic','amaticfl@taobao.com','4 Jana Circle','492-873-5296'),
(564,'Rheta','Reyna','rreynafm@deviantart.com','9 Drewry Pass','285-301-1040'),
(565,'Duke','Killingbeck','dkillingbeckfn@goo.ne.jp','93940 Autumn Leaf Street','157-158-1302'),
(566,'Ivie','Skottle','iskottlefo@dropbox.com','794 Saint Paul Alley','725-866-7276'),
(567,'Zita','Derricoat','zderricoatfp@upenn.edu','514 Lillian Point','812-393-5481'),
(568,'Emogene','McIllroy','emcillroyfq@washington.edu','7 Morning Pass','828-410-3274'),
(569,'Garrik','Deinert','gdeinertfr@soundcloud.com','746 School Trail','254-807-9133'),
(570,'Leodora','Murrthum','lmurrthumfs@un.org','56 Orin Drive','539-648-4947'),
(571,'Blanca','Pickwell','bpickwellft@biglobe.ne.jp','25504 Monterey Lane','509-356-1645'),
(572,'Tyne','Georgescu','tgeorgescufu@unc.edu','03 Veith Center','943-531-5176'),
(573,'Putnem','MacMenamin','pmacmenaminfv@g.co','0851 Corben Plaza','336-954-7128'),
(574,'Aliza','Partington','apartingtonfw@issuu.com','69 Stone Corner Circle','317-423-6463'),
(575,'Maxim','Garford','mgarfordfx@marriott.com','06 Truax Drive','719-438-4943'),
(576,'Berthe','Okill','bokillfy@bloglines.com','9 Clemons Parkway','257-784-4668'),
(577,'Faydra','Darnborough','fdarnboroughfz@t-online.de','14 Maple Street','170-397-3373'),
(578,'Melba','Gwalter','mgwalterg0@a8.net','75688 Spenser Center','669-225-3433'),
(579,'Elaina','McGray','emcgrayg1@craigslist.org','09862 Sugar Avenue','654-390-7978'),
(580,'Anna-maria','Langton','alangtong2@paypal.com','39207 Butterfield Lane','324-543-5427'),
(581,'Joelly','Openshaw','jopenshawg3@soundcloud.com','647 Boyd Avenue','442-323-1649'),
(582,'Rubia','Roderham','rroderhamg4@posterous.com','81 Northport Court','508-686-7104'),
(583,'Jake','Tomkowicz','jtomkowiczg5@hao123.com','72127 Farragut Point','971-866-8296'),
(584,'Bell','Have','bhaveg6@imgur.com','849 Karstens Road','469-394-6772'),
(585,'Lalo','Milham','lmilhamg7@1688.com','21035 Orin Center','717-520-5394'),
(586,'Coriss','Matas','cmatasg8@4shared.com','05890 Golden Leaf Point','998-656-3668'),
(587,'Mathe','Lafranconi','mlafranconig9@cyberchimps.com','64 Ruskin Point','895-464-2843'),
(588,'Consuelo','Haythorne','chaythornega@merriam-webster.com','924 Texas Alley','169-766-2911'),
(589,'Ina','Widger','iwidgergb@plala.or.jp','238 Kropf Avenue','427-571-2779'),
(590,'Cecily','Pitblado','cpitbladogc@is.gd','7911 Gerald Point','605-605-1158'),
(591,'Grace','Goldsby','ggoldsbygd@netlog.com','89066 Southridge Way','970-246-6177'),
(592,'Randi','Lowen','rlowenge@dmoz.org','89070 Farragut Street','225-864-9933'),
(593,'Padraic','McGillivray','pmcgillivraygf@mac.com','7699 Golden Leaf Pass','414-949-4488'),
(594,'Moore','Kauble','mkaublegg@mozilla.com','5531 Glacier Hill Circle','780-698-3400'),
(595,'Norry','Malby','nmalbygh@flickr.com','81349 Katie Place','132-552-0254'),
(596,'Suzy','Strelitzki','sstrelitzkigi@photobucket.com','60738 Alpine Point','829-111-0326'),
(597,'Del','Rennock','drennockgj@pen.io','602 Gale Road','713-169-2176'),
(598,'Andria','Crimp','acrimpgk@furl.net','4428 Clove Street','990-555-1430'),
(599,'Joela','Keningham','jkeninghamgl@jalbum.net','5701 Coleman Court','911-498-2466'),
(600,'Kleon','Carnegie','kcarnegiegm@ocn.ne.jp','3 Mitchell Avenue','431-655-3643'),
(601,'Jerrome','Ekins','jekinsgn@discuz.net','3 8th Point','204-562-7657'),
(602,'Sib','Flynn','sflynngo@canalblog.com','45396 Merry Road','122-694-0861'),
(603,'Brion','Titchener','btitchenergp@google.fr','9036 Old Shore Point','208-424-7172'),
(604,'Demetris','Chavey','dchaveygq@comcast.net','6564 South Parkway','468-525-5968'),
(605,'Spense','Winsper','swinspergr@princeton.edu','0 Dexter Center','397-125-5706'),
(606,'Dionne','Philbin','dphilbings@dailymotion.com','3882 Meadow Valley Way','825-832-4465'),
(607,'Archambault','Probbin','aprobbingt@uiuc.edu','97 Kim Hill','846-167-2632'),
(608,'Jill','MacElroy','jmacelroygu@ning.com','185 Steensland Plaza','156-192-6154'),
(609,'Diego','Marlor','dmarlorgv@webmd.com','2 Summerview Drive','273-174-0078'),
(610,'Janis','Yelding','jyeldinggw@netvibes.com','5 Brentwood Circle','253-106-7914'),
(611,'Josefina','Alberts','jalbertsgx@diigo.com','3 Redwing Court','387-179-1587'),
(612,'Bryant','Swoffer','bswoffergy@1688.com','795 Coolidge Avenue','330-125-9565'),
(613,'Kamila','Lacasa','klacasagz@canalblog.com','329 West Point','465-139-1072'),
(614,'Flory','Bowery','fboweryh0@nasa.gov','615 Nelson Place','604-743-8362'),
(615,'Rici','Borer','rborerh1@ucsd.edu','7 Melby Hill','715-275-0234'),
(616,'Arlyn','Seddon','aseddonh2@examiner.com','59674 Debs Hill','169-261-2943'),
(617,'Joannes','Fley','jfleyh3@elegantthemes.com','18107 Blackbird Pass','251-878-6104'),
(618,'Rodney','Janman','rjanmanh4@virginia.edu','0 Alpine Parkway','692-432-5773'),
(619,'Arther','Dorkins','adorkinsh5@rediff.com','3 Crest Line Way','269-151-6936'),
(620,'Moises','Jouanny','mjouannyh6@google.com.au','50 Artisan Parkway','602-180-4301'),
(621,'Patsy','MacAlaster','pmacalasterh7@rakuten.co.jp','4990 Prairieview Place','910-650-9640'),
(622,'Nari','Lugton','nlugtonh8@baidu.com','052 Ilene Street','916-669-3453'),
(623,'Joni','Mehew','jmehewh9@histats.com','8 Buena Vista Circle','909-632-3295'),
(624,'Ciro','Minnock','cminnockha@imdb.com','98 Forster Crossing','277-695-4531'),
(625,'Jephthah','Ord','jordhb@census.gov','431 5th Drive','580-669-5940'),
(626,'Clevie','Leteurtre','cleteurtrehc@hibu.com','338 Morrow Way','441-815-2226'),
(627,'Torey','Brownill','tbrownillhd@apple.com','6738 Express Place','862-868-4620'),
(628,'Faith','Dudman','fdudmanhe@twitpic.com','14383 Namekagon Terrace','737-617-2194'),
(629,'Vanny','Dancer','vdancerhf@delicious.com','387 Messerschmidt Alley','886-961-7635'),
(630,'Guthrie','Lydster','glydsterhg@liveinternet.ru','36 Donald Road','392-317-2413'),
(631,'Sabra','Redley','sredleyhh@indiegogo.com','40 Mallory Drive','966-277-1498'),
(632,'Isabelle','Cudiff','icudiffhi@mapquest.com','928 Bay Point','242-361-9484'),
(633,'Sisely','Vater','svaterhj@census.gov','382 Scofield Drive','461-226-8594'),
(634,'Frayda','Gilliat','fgilliathk@wp.com','7 Esker Alley','163-593-2213'),
(635,'Koressa','McTurk','kmcturkhl@adobe.com','875 New Castle Way','894-895-2537'),
(636,'Modestine','Compson','mcompsonhm@google.nl','284 Hoard Court','490-604-4231'),
(637,'Berky','Ramsay','bramsayhn@tiny.cc','73 Kropf Place','828-399-9224'),
(638,'Nicol','Sweetzer','nsweetzerho@nationalgeographic.com','3665 Morningstar Point','736-244-1965'),
(639,'Irma','Larwell','ilarwellhp@freewebs.com','07956 Roxbury Terrace','284-467-7497'),
(640,'Kyrstin','Grainge','kgraingehq@marketwatch.com','136 Lakeland Center','137-202-0201'),
(641,'Alphonso','Alexsandrowicz','aalexsandrowiczhr@soup.io','68 Lyons Crossing','239-736-3455'),
(642,'Davine','Huddles','dhuddleshs@goodreads.com','9990 Declaration Park','420-181-1260'),
(643,'Edgardo','Wurz','ewurzht@usa.gov','0996 Mendota Circle','596-361-0554'),
(644,'Michelle','Camble','mcamblehu@huffingtonpost.com','2 Shoshone Street','940-759-7427'),
(645,'Alisha','Stubbes','astubbeshv@de.vu','80 Village Trail','737-137-3857'),
(646,'Ruddy','Broadstock','rbroadstockhw@51.la','68 Kennedy Park','678-724-3306'),
(647,'Hodge','Quipp','hquipphx@toplist.cz','1 Sullivan Street','817-330-6737'),
(648,'Cosimo','Romer','cromerhy@latimes.com','74 Sherman Park','823-810-2195'),
(649,'Gael','Yardley','gyardleyhz@mit.edu','114 Comanche Point','636-203-0761'),
(650,'Stefan','Ilyushkin','silyushkini0@sphinn.com','64100 Stang Center','488-882-2464'),
(651,'Tabina','Allington','tallingtoni1@gizmodo.com','72 Norway Maple Junction','955-760-0893'),
(652,'Harmony','Calcraft','hcalcrafti2@statcounter.com','375 La Follette Circle','932-946-9587'),
(653,'Guthry','Linneman','glinnemani3@technorati.com','15218 Norway Maple Parkway','612-259-0835'),
(654,'Fayina','Ketcher','fketcheri4@vimeo.com','2510 Ridgeview Junction','845-582-7276'),
(655,'Katerina','Ioannidis','kioannidisi5@goodreads.com','247 Elka Junction','318-852-0017'),
(656,'Trudey','Caig','tcaigi6@mapy.cz','5 Aberg Trail','636-633-7479'),
(657,'Chrystal','Ive','civei7@digg.com','67921 Beilfuss Court','130-532-0360'),
(658,'Adora','Stanier','astanieri8@mtv.com','6 Arapahoe Park','648-765-7518'),
(659,'Sanderson','Gehrts','sgehrtsi9@illinois.edu','6379 Namekagon Crossing','933-550-3033'),
(660,'Cecily','Challenor','cchallenoria@cloudflare.com','9160 Harper Plaza','683-884-7617'),
(661,'Carleton','Olfert','colfertib@de.vu','676 Clove Way','455-829-1121'),
(662,'Adelice','Aldhouse','aaldhouseic@irs.gov','56 Maywood Street','275-598-9070'),
(663,'Corilla','Mountstephen','cmountstephenid@pagesperso-orange.fr','388 Carpenter Road','674-853-8598'),
(664,'Ritchie','Eginton','regintonie@t.co','4232 Arapahoe Road','424-258-2524'),
(665,'Garnet','Berns','gbernsif@nps.gov','6 Arrowood Terrace','237-748-3562'),
(666,'Sylvan','Dwelley','sdwelleyig@mayoclinic.com','0239 Glendale Street','495-661-2273'),
(667,'Heddi','Eadmead','headmeadih@bravesites.com','7393 Commercial Place','134-814-9627'),
(668,'Loraine','Robken','lrobkenii@webmd.com','049 Pearson Drive','878-298-2527'),
(669,'Wilmer','Bulman','wbulmanij@xing.com','2 Birchwood Alley','625-346-0317'),
(670,'Ravi','Turneux','rturneuxik@omniture.com','81891 Hoard Alley','935-480-1330'),
(671,'Nerta','Goodliff','ngoodliffil@google.com.br','324 Haas Circle','431-929-6824'),
(672,'Willabella','Rollinshaw','wrollinshawim@last.fm','34638 Bay Way','384-307-0284'),
(673,'Fidelia','Erie','feriein@census.gov','57 Roth Crossing','831-455-0375'),
(674,'Floria','Palle','fpalleio@indiatimes.com','3 Little Fleur Pass','205-309-7687'),
(675,'Bryana','Jimmes','bjimmesip@usatoday.com','3 Katie Street','666-631-6368'),
(676,'Leland','Moogan','lmooganiq@moonfruit.com','884 Heath Plaza','603-247-3827'),
(677,'Cathrine','Heyfield','cheyfieldir@prlog.org','26 Schlimgen Road','849-824-3916'),
(678,'Anderea','Spenclay','aspenclayis@ox.ac.uk','4738 Talisman Street','518-316-0666'),
(679,'Kimball','Marrison','kmarrisonit@devhub.com','6248 Butternut Crossing','590-598-0241'),
(680,'Ade','Squirrell','asquirrelliu@tumblr.com','7021 Norway Maple Pass','485-941-4646'),
(681,'Chet','Murley','cmurleyiv@webs.com','86276 Roxbury Hill','795-337-8181'),
(682,'Glennie','Fauning','gfauningiw@imageshack.us','3612 Fordem Center','443-611-6997'),
(683,'Cissiee','Enrigo','cenrigoix@dagondesign.com','92377 La Follette Avenue','842-708-4328'),
(684,'Mab','Roby','mrobyiy@drupal.org','19812 Karstens Plaza','695-142-7660'),
(685,'Adela','Trippack','atrippackiz@ifeng.com','0411 Hoepker Terrace','413-689-2269'),
(686,'Silva','Godehard.sf','sgodehardsfj0@latimes.com','31072 Butternut Plaza','731-799-5661'),
(687,'Ettore','Watters','ewattersj1@opera.com','965 Kings Road','477-584-6871'),
(688,'Martyn','Willbourne','mwillbournej2@telegraph.co.uk','14 Meadow Ridge Hill','209-945-3476'),
(689,'Ardine','Gitthouse','agitthousej3@wp.com','75370 Iowa Crossing','441-237-9460'),
(690,'Bradney','Bisco','bbiscoj4@skyrock.com','830 Monica Street','988-621-4226'),
(691,'Gretal','Poynter','gpoynterj5@gizmodo.com','7 Michigan Way','954-532-1250'),
(692,'Malva','Dymond','mdymondj6@freewebs.com','51372 Westend Street','194-354-8599'),
(693,'Casie','Conklin','cconklinj7@sfgate.com','5177 Mifflin Point','903-827-0877'),
(694,'Caroljean','Ghidotti','cghidottij8@weebly.com','8 Trailsway Lane','409-204-3303'),
(695,'Carey','Atwell','catwellj9@studiopress.com','31426 Monica Parkway','857-743-1098'),
(696,'Conroy','Gorick','cgorickja@freewebs.com','89 Fallview Road','882-858-9019'),
(697,'Pieter','Kryzhov','pkryzhovjb@vimeo.com','8914 Dorton Plaza','943-192-9310'),
(698,'Melisent','Roycroft','mroycroftjc@storify.com','76 Sunbrook Drive','232-464-1550'),
(699,'Venita','Mellhuish','vmellhuishjd@wunderground.com','96 Charing Cross Circle','228-738-3531'),
(700,'Lorri','Girhard','lgirhardje@salon.com','3475 Grasskamp Drive','451-172-7180'),
(701,'Matilda','Munt','mmuntjf@youku.com','298 David Junction','587-984-5963'),
(702,'Gnni','MacAllan','gmacallanjg@zimbio.com','18 Rutledge Way','365-476-7121'),
(703,'Ariel','Coke','acokejh@amazon.co.jp','10 Cascade Trail','157-655-5905'),
(704,'Katrine','Barrett','kbarrettji@reference.com','5 Talmadge Point','634-718-1890'),
(705,'Brittne','Frazier','bfrazierjj@ycombinator.com','1 Loomis Road','748-746-6309'),
(706,'Meggy','Caldero','mcalderojk@cargocollective.com','9 Hintze Alley','448-596-0980'),
(707,'Annabela','Tall','atalljl@nhs.uk','9666 Logan Place','126-895-4990'),
(708,'Lexie','Meni','lmenijm@craigslist.org','19509 Westend Way','650-118-5358'),
(709,'Cordey','Amott','camottjn@go.com','4 Reinke Hill','780-514-2191'),
(710,'Annamaria','Symons','asymonsjo@blog.com','923 Sachs Alley','165-747-2772'),
(711,'Yankee','Di Biagi','ydibiagijp@infoseek.co.jp','186 Buena Vista Parkway','464-850-7904'),
(712,'Bianca','Larchier','blarchierjq@cam.ac.uk','26 Brentwood Way','787-323-6611'),
(713,'Veradis','Bitten','vbittenjr@vistaprint.com','45 Sugar Point','915-847-8143'),
(714,'Eleen','Haberjam','ehaberjamjs@google.com','388 Kinsman Pass','150-233-4515'),
(715,'Hildegaard','Garett','hgarettjt@ucsd.edu','5 Evergreen Pass','128-218-6268'),
(716,'Mahmoud','Vanderplas','mvanderplasju@businessweek.com','8648 John Wall Drive','476-853-7799'),
(717,'Isak','Savil','isaviljv@1und1.de','99134 Clove Avenue','309-205-6082'),
(718,'Lulita','Cecely','lcecelyjw@photobucket.com','1 Trailsway Terrace','587-532-4512'),
(719,'Sydney','Duell','sduelljx@howstuffworks.com','7 Oak Avenue','384-334-6469'),
(720,'Brittne','Moores','bmooresjy@newsvine.com','780 Stone Corner Crossing','576-787-8251'),
(721,'Xenos','Keenor','xkeenorjz@hubpages.com','62 Garrison Plaza','707-152-0359'),
(722,'Madalena','O\'Dyvoie','modyvoiek0@ehow.com','45 Merrick Parkway','297-740-6344'),
(723,'Rockey','Featherbie','rfeatherbiek1@storify.com','5 Green Junction','874-377-3813'),
(724,'Margalo','Gater','mgaterk2@reference.com','33533 Dovetail Junction','865-818-3687'),
(725,'Gar','Raubheim','graubheimk3@google.com','674 Heffernan Lane','657-974-2370'),
(726,'Ramonda','Hatherall','rhatherallk4@nyu.edu','265 Leroy Court','977-597-9304'),
(727,'Tully','Vasilenko','tvasilenkok5@samsung.com','9509 Clemons Place','583-924-2976'),
(728,'Johann','Curnick','jcurnickk6@quantcast.com','5788 Coolidge Plaza','542-278-0051'),
(729,'Lib','Dufty','lduftyk7@icio.us','0800 Doe Crossing Point','657-112-3600'),
(730,'Grenville','Pablos','gpablosk8@plala.or.jp','9 Karstens Street','410-361-7756'),
(731,'Phoebe','Naisbet','pnaisbetk9@nasa.gov','4361 Upham Park','769-415-7960'),
(732,'Clotilda','Harriday','charridayka@illinois.edu','7 Loeprich Place','855-258-2100'),
(733,'Crysta','Troillet','ctroilletkb@twitpic.com','1 Armistice Point','834-499-1446'),
(734,'Herculie','Wilber','hwilberkc@so-net.ne.jp','512 Fair Oaks Parkway','993-639-3347'),
(735,'Olin','Marcum','omarcumkd@nymag.com','47 Buhler Crossing','455-704-6064'),
(736,'Jade','Collocott','jcollocottke@time.com','59602 Dixon Crossing','637-764-5245'),
(737,'Esme','Dwerryhouse','edwerryhousekf@homestead.com','8 Declaration Way','832-699-1859'),
(738,'Hewet','Shelford','hshelfordkg@macromedia.com','81846 Bashford Alley','123-554-3755'),
(739,'Auria','Amott','aamottkh@exblog.jp','9 Tennyson Point','507-924-1717'),
(740,'Nathan','Guys','nguyski@bloglovin.com','6 Park Meadow Circle','629-143-8885'),
(741,'Minne','Bennison','mbennisonkj@time.com','7456 Express Trail','192-759-5702'),
(742,'Thomasine','Sneaker','tsneakerkk@tumblr.com','12 Nevada Place','596-813-9192'),
(743,'Elroy','Cabena','ecabenakl@paypal.com','17 Mariners Cove Hill','960-654-2444'),
(744,'Sigvard','Spurier','sspurierkm@trellian.com','19 Surrey Pass','319-667-9342'),
(745,'Milt','Sandeman','msandemankn@who.int','99414 Northport Circle','416-842-5166'),
(746,'Maurizio','Pim','mpimko@fc2.com','2 Cambridge Avenue','589-652-7841'),
(747,'Travus','Janicek','tjanicekkp@issuu.com','1 Mosinee Lane','744-138-6591'),
(748,'Madlen','Heppenspall','mheppenspallkq@liveinternet.ru','1 Sutteridge Place','172-707-0524'),
(749,'Dwayne','Rennie','drenniekr@histats.com','06 Grim Crossing','790-538-2556'),
(750,'Ray','Asquez','rasquezks@techcrunch.com','38 Buell Crossing','403-709-4596'),
(751,'Bradley','Hallewell','bhallewellkt@va.gov','0272 Holy Cross Circle','147-692-2151'),
(752,'Joey','Dinan','jdinanku@sina.com.cn','001 Morrow Pass','281-688-9739'),
(753,'Marius','Moakes','mmoakeskv@merriam-webster.com','01608 Calypso Street','819-693-9641'),
(754,'Cornell','Tomblings','ctomblingskw@ucla.edu','20035 Warner Place','928-679-1133'),
(755,'Farris','Kevis','fkeviskx@altervista.org','98646 Scoville Point','780-411-4854'),
(756,'Mattie','Micheau','mmicheauky@squidoo.com','1 American Ash Avenue','690-204-4199'),
(757,'Irita','Larret','ilarretkz@joomla.org','96696 Ludington Court','725-729-6993'),
(758,'Erena','Simms','esimmsl0@yahoo.co.jp','62 Oak Valley Junction','509-834-2626'),
(759,'Swen','Prichard','sprichardl1@indiegogo.com','21 Rusk Trail','951-864-9425'),
(760,'Ted','Pitkins','tpitkinsl2@wiley.com','97784 Hoffman Trail','251-800-9963'),
(761,'Banky','Labb','blabbl3@vinaora.com','9175 Mifflin Drive','959-421-2619'),
(762,'Arlette','Coogan','acooganl4@arstechnica.com','0 Hooker Terrace','226-571-7966'),
(763,'Dex','Pezey','dpezeyl5@imgur.com','83087 Mandrake Junction','212-543-8877'),
(764,'Lombard','Bernocchi','lbernocchil6@oakley.com','5 Bunker Hill Point','208-427-7338'),
(765,'Dannye','Cornner','dcornnerl7@hao123.com','21 Orin Plaza','526-787-1942'),
(766,'Isidore','Melbourne','imelbournel8@scientificamerican.com','85720 Fieldstone Circle','992-242-3503'),
(767,'Siffre','Du Barry','sdubarryl9@flavors.me','7497 Jenifer Lane','663-620-3719'),
(768,'Natassia','Shirlaw','nshirlawla@yelp.com','8 Moose Parkway','398-926-0301'),
(769,'Niki','Gyer','ngyerlb@hc360.com','504 Truax Parkway','781-207-2972'),
(770,'Welch','Swannick','wswannicklc@jiathis.com','98109 Troy Terrace','316-639-4053'),
(771,'Vance','Jedrychowski','vjedrychowskild@princeton.edu','03716 Claremont Way','155-368-1709'),
(772,'Wilfrid','Stockey','wstockeyle@tumblr.com','1 Chinook Terrace','435-454-0565'),
(773,'Penni','Hugk','phugklf@sohu.com','225 Packers Plaza','265-967-0126'),
(774,'Sonnie','Sleeny','ssleenylg@youtu.be','07754 Westport Way','726-745-5827'),
(775,'Jehu','Mabone','jmabonelh@unicef.org','35 Memorial Street','986-946-4991'),
(776,'Adora','Waszczykowski','awaszczykowskili@mozilla.com','0545 Dexter Court','470-952-3463'),
(777,'Elenore','MacCombe','emaccombelj@shutterfly.com','6 Upham Hill','573-284-4450'),
(778,'Gene','Oakland','goaklandlk@dot.gov','994 Main Lane','609-800-2033'),
(779,'Carly','Gregoire','cgregoirell@umich.edu','936 Saint Paul Place','848-238-9187'),
(780,'Dotti','Henri','dhenrilm@foxnews.com','46626 Carioca Road','168-611-2200'),
(781,'Cecil','Bickle','cbickleln@amazonaws.com','1 Goodland Junction','142-391-2850'),
(782,'Killy','Grodden','kgroddenlo@dropbox.com','0 Badeau Road','867-935-1186'),
(783,'Filbert','Fenners','ffennerslp@about.me','29 Briar Crest Drive','803-889-8884'),
(784,'Drugi','Yitzhok','dyitzhoklq@unesco.org','9920 Roth Plaza','102-699-3512'),
(785,'Burg','Bette','bbettelr@yellowbook.com','2 Hauk Way','575-369-5399'),
(786,'Auroora','Kyston','akystonls@paypal.com','3 Heath Lane','534-502-4827'),
(787,'Glennie','Slorach','gslorachlt@infoseek.co.jp','69856 Maple Junction','402-286-4603'),
(788,'Lolita','Diver','ldiverlu@ameblo.jp','2 Hansons Center','748-534-0711'),
(789,'Olympie','Longthorne','olongthornelv@wunderground.com','007 Packers Terrace','519-201-1344'),
(790,'Grant','Huttley','ghuttleylw@merriam-webster.com','8 Mcguire Place','704-762-7727'),
(791,'Tait','Duffree','tduffreelx@shareasale.com','5915 Independence Pass','524-435-1582'),
(792,'Farly','Bruna','fbrunaly@narod.ru','898 Moose Court','785-395-7435'),
(793,'Jacqui','Hanselmann','jhanselmannlz@indiegogo.com','31072 Monica Avenue','271-100-4980'),
(794,'Silvester','Dwelley','sdwelleym0@noaa.gov','01 Commercial Alley','783-795-1077'),
(795,'Constantina','MacDowall','cmacdowallm1@mysql.com','39289 Warrior Alley','506-909-9803'),
(796,'Etta','Skaid','eskaidm2@friendfeed.com','29 Rowland Trail','903-130-8383'),
(797,'Thalia','Elmar','telmarm3@dedecms.com','04364 Mallard Road','947-903-2351'),
(798,'Nigel','Quinsee','nquinseem4@liveinternet.ru','27718 Gale Way','290-479-1143'),
(799,'Temple','Beininck','tbeininckm5@unblog.fr','19 Dahle Crossing','284-758-6463'),
(800,'Urbanus','Byne','ubynem6@cbslocal.com','25 Crest Line Court','631-343-8599'),
(801,'Andrey','Addams','aaddamsm7@techcrunch.com','9265 Southridge Hill','590-204-7492'),
(802,'Durant','Stickley','dstickleym8@boston.com','519 Talmadge Pass','366-463-3796'),
(803,'Beitris','Grevile','bgrevilem9@yelp.com','46 Johnson Place','467-238-6572'),
(804,'Haily','Dat','hdatma@ftc.gov','233 Independence Center','412-766-3853'),
(805,'Melany','Ramsey','mramseymb@jimdo.com','36123 Hanson Avenue','530-109-7989'),
(806,'Malanie','Raynham','mraynhammc@indiatimes.com','65 Ridgeway Park','301-322-3003'),
(807,'Dayna','Geillier','dgeilliermd@dropbox.com','32 Lakeland Pass','737-220-6062'),
(808,'Norbert','Hollyland','nhollylandme@senate.gov','6187 Northview Hill','407-476-4977'),
(809,'Terrell','Macey','tmaceymf@army.mil','798 Gulseth Lane','711-227-4729'),
(810,'Darnall','Raddan','draddanmg@oracle.com','16 Helena Crossing','514-181-9178'),
(811,'Mitch','Tollemache','mtollemachemh@ezinearticles.com','474 Mitchell Avenue','578-347-8741'),
(812,'Ivar','Beggs','ibeggsmi@artisteer.com','9 Orin Plaza','700-934-9867'),
(813,'Yank','Birdwistle','ybirdwistlemj@fema.gov','14 Cherokee Center','867-593-8809'),
(814,'Dexter','Graybeal','dgraybealmk@prweb.com','58398 Dawn Plaza','713-974-4738'),
(815,'Wye','Perett','wperettml@liveinternet.ru','0 Cottonwood Lane','534-124-1368'),
(816,'Gardie','Antonioni','gantonionimm@imdb.com','44987 Rowland Avenue','635-364-6494'),
(817,'Dane','Defries','ddefriesmn@blogspot.com','4 Golden Leaf Parkway','400-900-0405'),
(818,'Renelle','Backes','rbackesmo@tripadvisor.com','16 Wayridge Hill','626-318-5494'),
(819,'Sergeant','Endersby','sendersbymp@loc.gov','20036 Declaration Court','358-763-4317'),
(820,'Kissee','Edmeades','kedmeadesmq@cpanel.net','5 Hagan Terrace','720-158-9561'),
(821,'Lynnet','Shelper','lshelpermr@washingtonpost.com','41 Carioca Street','864-327-0569'),
(822,'Tiphanie','Hedon','thedonms@guardian.co.uk','12383 Mcguire Place','857-434-3976'),
(823,'Virgina','Fee','vfeemt@amazon.co.uk','43 Granby Trail','505-492-3033'),
(824,'Clarance','Bargery','cbargerymu@opera.com','128 Swallow Street','316-136-1456'),
(825,'Darell','Fairhead','dfairheadmv@ebay.com','7 American Trail','562-370-7517'),
(826,'Maribeth','Rickasse','mrickassemw@woothemes.com','2 Sloan Lane','323-206-4952'),
(827,'Natasha','Roden','nrodenmx@nasa.gov','5256 Bluejay Crossing','830-385-9952'),
(828,'Goldina','Barthelmes','gbarthelmesmy@rambler.ru','65237 Sutteridge Road','621-673-7587'),
(829,'Lowrance','Fidock','lfidockmz@devhub.com','4225 Vera Drive','420-511-8292'),
(830,'Lynett','FitzAlan','lfitzalann0@phpbb.com','0734 Beilfuss Alley','852-186-0927'),
(831,'Allyn','Popelay','apopelayn1@squidoo.com','09 Schlimgen Pass','758-318-5517'),
(832,'Haily','Chretien','hchretienn2@businessweek.com','2 Petterle Pass','942-702-6237'),
(833,'Dagmar','Melville','dmelvillen3@thetimes.co.uk','04 Washington Court','702-801-4380'),
(834,'Arabela','Meldrum','ameldrumn4@tripadvisor.com','8567 Debs Trail','151-903-8179'),
(835,'Ravid','Hannon','rhannonn5@goo.ne.jp','42 Vahlen Lane','576-424-6883'),
(836,'Collie','Yvon','cyvonn6@slashdot.org','73633 Hanson Drive','104-349-7496'),
(837,'Orlan','De Ruggiero','oderuggieron7@amazonaws.com','76265 Burning Wood Hill','428-246-9077'),
(838,'Mable','Longmuir','mlongmuirn8@wikia.com','00629 Leroy Road','591-735-4322'),
(839,'Thornton','Oulett','toulettn9@is.gd','901 Quincy Place','161-775-4731'),
(840,'Pauline','Doubleday','pdoubledayna@scribd.com','77713 Maple Wood Hill','594-615-8112'),
(841,'Dion','Dolder','ddoldernb@addthis.com','113 Dennis Center','974-128-1659'),
(842,'Mathias','Eary','mearync@hexun.com','25 Browning Place','754-857-0754'),
(843,'Tina','Worvill','tworvillnd@dot.gov','19 Express Street','235-838-1435'),
(844,'Tersina','Lingwood','tlingwoodne@cam.ac.uk','13 Hanson Pass','374-397-8791'),
(845,'Brod','Mattioli','bmattiolinf@purevolume.com','58750 Meadow Ridge Point','847-323-2607'),
(846,'Wade','Arkil','warkilng@weebly.com','80 Elgar Avenue','214-752-4981'),
(847,'Launce','Triner','ltrinernh@apache.org','9 Bonner Street','894-245-0691'),
(848,'Patrizia','Very','pveryni@godaddy.com','5446 Barnett Pass','987-637-3176'),
(849,'Giordano','Ghelerdini','gghelerdininj@go.com','3387 Forest Dale Street','782-981-8883'),
(850,'Mehetabel','Bulstrode','mbulstrodenk@shinystat.com','72542 Esch Point','354-179-0354'),
(851,'Powell','Lewinton','plewintonnl@google.nl','59 Kipling Parkway','204-111-1262'),
(852,'Carmon','Cormack','ccormacknm@diigo.com','0736 Carioca Street','690-359-4299'),
(853,'Heath','McIlwraith','hmcilwraithnn@smh.com.au','03602 Arkansas Street','970-933-0708'),
(854,'Harriette','Ussher','hussherno@yandex.ru','476 Dapin Drive','474-696-5041'),
(855,'Sylvester','Boniface','sbonifacenp@tiny.cc','5 Randy Point','158-569-9061'),
(856,'Saul','Sivess','ssivessnq@storify.com','92 Clarendon Street','895-290-2023'),
(857,'Elicia','Bruni','ebruninr@shop-pro.jp','08427 Independence Circle','521-334-7204'),
(858,'Nanon','Hyett','nhyettns@sbwire.com','471 Kensington Street','279-401-6556'),
(859,'Avictor','Petzold','apetzoldnt@godaddy.com','6391 Almo Pass','599-608-0773'),
(860,'Kayla','Castana','kcastananu@fastcompany.com','71773 Corscot Pass','105-501-1630'),
(861,'Allie','Castanone','acastanonenv@narod.ru','26 Prairieview Circle','968-639-5444'),
(862,'Karolina','Bogaert','kbogaertnw@nhs.uk','866 Holy Cross Crossing','700-488-6497'),
(863,'Emalia','Sykes','esykesnx@behance.net','0796 Hayes Circle','414-967-9200'),
(864,'Marsha','Churchard','mchurchardny@yolasite.com','61 Green Ridge Road','587-321-4519'),
(865,'Carley','Worsnop','cworsnopnz@mlb.com','92900 Vermont Crossing','492-269-4897'),
(866,'Isiahi','Ox','ioxo0@g.co','2 Leroy Avenue','823-808-1034'),
(867,'Phelia','Quennell','pquennello1@wired.com','0289 Russell Circle','832-573-5585'),
(868,'Clarance','Dobney','cdobneyo2@wikia.com','3064 Center Road','413-104-1813'),
(869,'Sandro','Wallbutton','swallbuttono3@printfriendly.com','34836 Claremont Parkway','486-611-2234'),
(870,'Willi','Berthelet','wbertheleto4@bigcartel.com','40185 Redwing Place','634-713-6561'),
(871,'Modesta','Ferreo','mferreoo5@nature.com','1 Delaware Crossing','124-393-7614'),
(872,'Cymbre','Delacroix','cdelacroixo6@auda.org.au','54 Roth Plaza','324-732-0706'),
(873,'Leda','Hanway','lhanwayo7@booking.com','5 Kenwood Center','793-670-9424'),
(874,'Chryste','Sturgis','csturgiso8@jigsy.com','89144 Twin Pines Alley','663-826-2568'),
(875,'Nelson','Skelbeck','nskelbecko9@apache.org','262 Scofield Avenue','262-354-4712'),
(876,'Pippa','Veeler','pveeleroa@g.co','5 Memorial Pass','947-908-0064'),
(877,'Thorn','McMurtyr','tmcmurtyrob@unicef.org','5822 Melby Street','656-402-2622'),
(878,'Merwyn','Ewer','meweroc@earthlink.net','7 Walton Plaza','845-120-9973'),
(879,'Della','Bretton','dbrettonod@ameblo.jp','2699 School Circle','160-118-1524'),
(880,'Rosene','Osgood','rosgoodoe@jugem.jp','47788 Raven Terrace','286-228-8526'),
(881,'Renaud','Scoyles','rscoylesof@archive.org','33520 Fuller Way','437-683-5420'),
(882,'Hulda','Sobieski','hsobieskiog@freewebs.com','754 Lukken Center','548-577-4926'),
(883,'Alf','Tommen','atommenoh@blogspot.com','5 Grayhawk Parkway','712-227-9764'),
(884,'Faythe','Wheadon','fwheadonoi@histats.com','4 Hoard Lane','890-806-8989'),
(885,'Hugibert','Alelsandrowicz','halelsandrowiczoj@tinypic.com','87094 Parkside Lane','391-521-7126'),
(886,'Kalvin','Argabrite','kargabriteok@indiatimes.com','8960 Sugar Point','376-286-3241'),
(887,'Asa','Hanley','ahanleyol@dagondesign.com','66346 Havey Place','815-310-2702'),
(888,'Andee','Meaders','ameadersom@opera.com','8596 Debs Junction','885-396-6202'),
(889,'Hayyim','Gatheral','hgatheralon@photobucket.com','6784 Bellgrove Hill','279-683-4905'),
(890,'Lucky','Stenning','lstenningoo@dailymotion.com','197 Calypso Trail','475-793-7604'),
(891,'Lela','Twaite','ltwaiteop@is.gd','9661 Lakeland Crossing','465-323-4936'),
(892,'Katharine','Beaver','kbeaveroq@unicef.org','1754 Lake View Circle','708-722-7615'),
(893,'Amandie','Elliman','aellimanor@sohu.com','4 Glacier Hill Place','588-806-1301'),
(894,'Christin','Costan','ccostanos@shareasale.com','49 Banding Trail','419-893-8469'),
(895,'Timi','Dubble','tdubbleot@addtoany.com','560 Brentwood Plaza','949-275-9246'),
(896,'Genni','Rabbe','grabbeou@mashable.com','33676 Muir Terrace','796-149-1362'),
(897,'Miof mela','Loblie','mloblieov@ucoz.ru','71 Hoepker Circle','737-801-7389'),
(898,'Eugenia','Doleman','edolemanow@jugem.jp','6 Fisk Circle','682-804-0210'),
(899,'Bayard','Keller','bkellerox@hhs.gov','87913 Mariners Cove Place','872-733-6318'),
(900,'Florencia','Michurin','fmichurinoy@topsy.com','777 Schurz Court','854-553-7589'),
(901,'Frankie','Iowarch','fiowarchoz@amazonaws.com','0325 Helena Center','665-884-4807'),
(902,'Myrtle','Dunckley','mdunckleyp0@eepurl.com','3 Dwight Point','118-422-2220'),
(903,'Peggi','Stoven','pstovenp1@live.com','05 Holmberg Court','897-781-2713'),
(904,'Eddy','McTrusty','emctrustyp2@miitbeian.gov.cn','695 Nelson Crossing','855-704-1659'),
(905,'Say','Ruzicka','sruzickap3@whitehouse.gov','4 Brickson Park Center','428-718-7963'),
(906,'Lelah','Stoate','lstoatep4@hibu.com','1 Dahle Drive','346-242-5460'),
(907,'Art','McCorry','amccorryp5@java.com','44132 Stone Corner Terrace','139-822-1994'),
(908,'Simone','Blissitt','sblissittp6@mac.com','449 Little Fleur Crossing','661-121-5184'),
(909,'Juli','Capstack','jcapstackp7@ihg.com','966 Raven Crossing','448-342-2258'),
(910,'Julie','Perotti','jperottip8@dropbox.com','1416 Haas Parkway','329-388-5909'),
(911,'Cheslie','Abelson','cabelsonp9@macromedia.com','1 Comanche Road','621-956-3150'),
(912,'Tanitansy','Helkin','thelkinpa@paginegialle.it','37383 Mendota Hill','858-555-5871'),
(913,'Ricky','Krier','rkrierpb@bigcartel.com','00557 Hanover Junction','995-779-7553'),
(914,'Angelika','Nilles','anillespc@imageshack.us','43 Darwin Lane','650-819-9895'),
(915,'Rasia','Trousdale','rtrousdalepd@dmoz.org','4597 Bellgrove Plaza','958-573-5447'),
(916,'Aridatha','Pettegre','apettegrepe@craigslist.org','60 Waxwing Lane','127-844-8862'),
(917,'Odele','Ringham','oringhampf@hhs.gov','4 Holmberg Plaza','506-714-7496'),
(918,'Amalie','Naton','anatonpg@cnet.com','3 Center Court','882-795-4201'),
(919,'Fenelia','Dollard','fdollardph@issuu.com','486 Lerdahl Circle','328-474-5570'),
(920,'Jocelyne','Poser','jposerpi@webeden.co.uk','23086 Monica Park','262-162-3242'),
(921,'Richart','Pavier','rpavierpj@answers.com','62 Evergreen Pass','591-714-3956'),
(922,'Robby','Buncom','rbuncompk@cnn.com','39030 Ohio Trail','112-678-4295'),
(923,'Raquel','Guittet','rguittetpl@blog.com','32226 Arizona Street','499-382-2713'),
(924,'Poul','Hanburry','phanburrypm@over-blog.com','15 Ludington Hill','829-531-2280'),
(925,'Saxon','Broz','sbrozpn@earthlink.net','8017 Pennsylvania Terrace','237-830-9799'),
(926,'Byrann','Alsobrook','balsobrookpo@dedecms.com','6 Hanson Pass','550-390-2656'),
(927,'Fleming','Haacker','fhaackerpp@nationalgeographic.com','3943 Hoepker Point','713-655-8721'),
(928,'Vivi','Woods','vwoodspq@deviantart.com','000 Carey Way','220-534-0945'),
(929,'Salvador','McRae','smcraepr@unesco.org','85946 Logan Center','456-316-9069'),
(930,'Eleonora','Alwen','ealwenps@seesaa.net','141 Monument Junction','488-899-6438'),
(931,'Timmy','Mustarde','tmustardept@wired.com','728 Leroy Parkway','240-542-0916'),
(932,'Brade','Patriskson','bpatrisksonpu@163.com','284 Arizona Point','803-631-3767'),
(933,'Margeaux','Absolon','mabsolonpv@apache.org','3360 Pearson Point','458-889-4360'),
(934,'Mathilde','Tennewell','mtennewellpw@narod.ru','83 Express Avenue','764-468-4601'),
(935,'Candide','Shovlar','cshovlarpx@deliciousdays.com','3 Transport Drive','351-308-6618'),
(936,'Granville','Filyukov','gfilyukovpy@elegantthemes.com','2 Sunfield Road','330-554-8590'),
(937,'Kane','Izac','kizacpz@businessinsider.com','63 Gina Court','163-932-2844'),
(938,'Johannah','Aspel','jaspelq0@etsy.com','19 Gulseth Park','531-101-3181'),
(939,'Maynord','Verillo','mverilloq1@soundcloud.com','392 Dixon Point','774-738-7134'),
(940,'Aharon','Casley','acasleyq2@cafepress.com','22 Laurel Circle','918-185-6198'),
(941,'Ricki','Gravener','rgravenerq3@yelp.com','8 1st Alley','313-413-9119'),
(942,'Elissa','Gawke','egawkeq4@census.gov','1737 Marquette Plaza','544-550-5086'),
(943,'Shani','Richard','srichardq5@biglobe.ne.jp','2 Johnson Point','451-995-1907'),
(944,'Rolf','Feenan','rfeenanq6@cyberchimps.com','82 Havey Junction','326-820-0683'),
(945,'Willis','Yateman','wyatemanq7@wired.com','83689 Glacier Hill Trail','544-602-4283'),
(946,'Gabbi','Twelvetrees','gtwelvetreesq8@is.gd','33 High Crossing Park','126-337-8641'),
(947,'Gage','Donwell','gdonwellq9@skype.com','90196 Clemons Drive','203-225-7185'),
(948,'Morse','Btham','mbthamqa@umn.edu','23561 Thackeray Avenue','339-733-2316'),
(949,'Tamar','Pughsley','tpughsleyqb@nih.gov','634 Reindahl Place','650-704-9475'),
(950,'Sarajane','Borit','sboritqc@ftc.gov','5627 Burrows Plaza','305-651-6093'),
(951,'Justinn','McIlory','jmciloryqd@addthis.com','99585 Southridge Pass','242-272-2345'),
(952,'Gerrie','Radish','gradishqe@soundcloud.com','70251 Pierstorff Plaza','896-627-3717'),
(953,'Sheena','McQuillan','smcquillanqf@mail.ru','093 North Center','186-828-8269'),
(954,'Levin','Ricioppo','lricioppoqg@adobe.com','67 Merchant Park','387-632-6397'),
(955,'Briggs','Mogenot','bmogenotqh@acquirethisname.com','759 Bobwhite Drive','272-760-1157'),
(956,'Colette','Bunch','cbunchqi@com.com','19782 Hayes Road','619-890-9774'),
(957,'Marline','Messam','mmessamqj@sitemeter.com','5 Bultman Parkway','275-961-1249'),
(958,'Gillan','Hurdis','ghurdisqk@indiatimes.com','7 Talmadge Crossing','205-667-8604'),
(959,'Barbette','Shoorbrooke','bshoorbrookeql@msn.com','6 Bayside Trail','788-412-3024'),
(960,'Elwood','Windridge','ewindridgeqm@usda.gov','959 Moulton Road','994-192-3691'),
(961,'Sunny','Gooder','sgooderqn@shutterfly.com','716 American Crossing','237-156-3943'),
(962,'Frederick','Vacher','fvacherqo@hubpages.com','9029 Pierstorff Crossing','612-858-5332'),
(963,'Juliet','Threadkell','jthreadkellqp@digg.com','34637 Sycamore Lane','463-757-6518'),
(964,'Richart','Tackett','rtackettqq@booking.com','0621 Barnett Avenue','841-287-9739'),
(965,'Madalena','Rignall','mrignallqr@freewebs.com','543 Clarendon Park','890-213-5085'),
(966,'Ode','Shakshaft','oshakshaftqs@infoseek.co.jp','39750 Brown Lane','413-363-1033'),
(967,'Burke','Casino','bcasinoqt@hostgator.com','4134 Hermina Alley','188-766-6698'),
(968,'Pooh','Stillgoe','pstillgoequ@sfgate.com','1 Sage Hill','537-934-4067'),
(969,'Carlotta','Halbord','chalbordqv@shinystat.com','0 Arapahoe Crossing','257-959-6968'),
(970,'Clayton','Micklewicz','cmicklewiczqw@wordpress.com','18527 Derek Parkway','308-900-6540'),
(971,'Ninon','De Angelo','ndeangeloqx@infoseek.co.jp','45151 Eagle Crest Court','342-526-1361'),
(972,'Harris','Samwaye','hsamwayeqy@walmart.com','327 Continental Crossing','280-426-6422'),
(973,'Jocelin','Benge','jbengeqz@pagesperso-orange.fr','9 Columbus Terrace','139-589-4574'),
(974,'Colline','Knutton','cknuttonr0@squidoo.com','5956 Service Hill','776-910-9166'),
(975,'Lane','Zupo','lzupor1@phoca.cz','2 Fisk Pass','365-590-6766'),
(976,'Gonzalo','Calderbank','gcalderbankr2@psu.edu','15 Petterle Court','181-769-3796'),
(977,'Coletta','O\' Loughran','coloughranr3@xing.com','343 Rigney Center','693-674-4241'),
(978,'Adina','Penke','apenker4@flickr.com','6890 Harbort Court','643-822-8559'),
(979,'Abelard','Klaesson','aklaessonr5@dion.ne.jp','44770 Loeprich Circle','676-973-6208'),
(980,'Wait','Dowthwaite','wdowthwaiter6@bigcartel.com','14 Leroy Drive','493-196-7877'),
(981,'Moyra','Crowley','mcrowleyr7@rambler.ru','0 Colorado Circle','820-534-5984'),
(982,'Kinsley','Zarfat','kzarfatr8@drupal.org','7496 Acker Pass','632-843-8906'),
(983,'Hubert','Pauler','hpaulerr9@sohu.com','67728 Wayridge Center','853-191-8804'),
(984,'Maximilianus','Linder','mlinderra@vimeo.com','35335 Nevada Drive','739-884-9440'),
(985,'Conroy','Warrington','cwarringtonrb@artisteer.com','60612 Mendota Terrace','544-313-2122'),
(986,'Codee','O\'Neill','coneillrc@sfgate.com','63571 Thierer Alley','378-193-5159'),
(987,'Fawnia','Trahar','ftraharrd@umich.edu','7584 Fairfield Crossing','112-136-8801'),
(988,'Sophia','Melburg','smelburgre@prlog.org','75 Truax Crossing','438-862-3056'),
(989,'Eveline','Shergill','eshergillrf@dropbox.com','211 Portage Junction','729-943-8758'),
(990,'Norman','Deans','ndeansrg@hostgator.com','76934 Nelson Way','536-628-6109'),
(991,'Latashia','Benoix','lbenoixrh@jalbum.net','2 Paget Plaza','133-951-3463'),
(992,'Roderich','Molder','rmolderri@europa.eu','2 Prairie Rose Park','136-631-5750'),
(993,'Gwenny','Nation','gnationrj@nature.com','896 Lunder Point','970-707-0093'),
(994,'Merle','Whyke','mwhykerk@nymag.com','6909 Starling Avenue','983-144-6520'),
(995,'Kimball','Tremathick','ktremathickrl@xrea.com','0 Bashford Junction','971-603-6921'),
(996,'Ilene','Coffey','icoffeyrm@illinois.edu','79580 Petterle Center','460-627-6666'),
(997,'Sigrid','Twelves','stwelvesrn@freewebs.com','697 Mayer Court','826-864-3421'),
(998,'Aymer','Evennett','aevennettro@tuttocitta.it','1968 Pankratz Court','791-879-2210'),
(999,'Ewell','Pren','eprenrp@gizmodo.com','44 Fair Oaks Way','923-803-3375'),
(1000,'Nell','Fleming','nflemingrq@nymag.com','64 Starling Parkway','268-260-2016'),
(1001,'Jeffrey','Prin','jprinrr@github.com','56695 Arapahoe Crossing','896-670-5760');
/*!40000 ALTER TABLE `supplier` ENABLE KEYS */;
UNLOCK TABLES;

--
-- Table structure for table `user`
--

DROP TABLE IF EXISTS `user`;
/*!40101 SET @saved_cs_client     = @@character_set_client */;
/*!40101 SET character_set_client = utf8 */;
CREATE TABLE `user` (
  `id` int NOT NULL AUTO_INCREMENT,
  `userName` varchar(191) COLLATE utf8mb4_unicode_ci NOT NULL,
  `password` varchar(191) COLLATE utf8mb4_unicode_ci NOT NULL,
  `name` varchar(191) COLLATE utf8mb4_unicode_ci NOT NULL,
  `role` varchar(191) COLLATE utf8mb4_unicode_ci NOT NULL,
  PRIMARY KEY (`id`),
  UNIQUE KEY `User_userName_key` (`userName`)
) ENGINE=InnoDB AUTO_INCREMENT=4 DEFAULT CHARSET=utf8mb4 COLLATE=utf8mb4_unicode_ci;
/*!40101 SET character_set_client = @saved_cs_client */;

--
-- Dumping data for table `user`
--

LOCK TABLES `user` WRITE;
/*!40000 ALTER TABLE `user` DISABLE KEYS */;
INSERT INTO `user` VALUES
(1,'pcode','$2b$10$wLvTnglhKSpZU2rseYhHDeztN5OSMbAUZMqze0iefVq9FYp7Pg16m','Pojok Code','admin');
/*!40000 ALTER TABLE `user` ENABLE KEYS */;
UNLOCK TABLES;

--
-- Dumping routines for database 'relasi_db'
--
/*!40103 SET TIME_ZONE=@OLD_TIME_ZONE */;

/*!40101 SET SQL_MODE=@OLD_SQL_MODE */;
/*!40014 SET FOREIGN_KEY_CHECKS=@OLD_FOREIGN_KEY_CHECKS */;
/*!40014 SET UNIQUE_CHECKS=@OLD_UNIQUE_CHECKS */;
/*!40101 SET CHARACTER_SET_CLIENT=@OLD_CHARACTER_SET_CLIENT */;
/*!40101 SET CHARACTER_SET_RESULTS=@OLD_CHARACTER_SET_RESULTS */;
/*!40101 SET COLLATION_CONNECTION=@OLD_COLLATION_CONNECTION */;
/*!40111 SET SQL_NOTES=@OLD_SQL_NOTES */;

-- Dump completed on 2024-02-03 13:54:29
